timestamp,vibration,temperature,pressure,rpm,machine_status
2023-01-01 00:00:00,0.5496714153011233,76.99677718293,28.649643450051236,1309.219244212261,0
2023-01-01 01:00:00,0.4861735698828815,74.62316841456385,29.710962658568963,1413.9614989220497,0
2023-01-01 02:00:00,0.5647688538100692,70.29815184960087,28.415160158000077,1458.6394466578356,1
2023-01-01 03:00:00,0.6523029856408026,66.76531611147213,29.38407694072192,1688.768765734019,0
2023-01-01 04:00:00,0.4765846625276664,73.49111656806795,26.21277066609243,1555.6553124533757,0
2023-01-01 05:00:00,0.4765863043050819,71.96742692710875,30.426587414745878,1366.451843090011,0
2023-01-01 06:00:00,0.6579212815507391,74.47596610013866,30.00241095072445,1548.6036289417636,0
2023-01-01 07:00:00,0.5767434729152909,73.17585900840984,28.365822737863617,1345.2696011061635,0
2023-01-01 08:00:00,0.4530525614065048,75.24776357659667,31.31849133686481,1608.2691053887074,0
2023-01-01 09:00:00,0.5542560043585965,67.32382394219717,31.875140275253116,1452.887534818212,0
2023-01-01 10:00:00,0.4536582307187538,76.58697032817163,26.78488027126205,1490.6363811260828,0
2023-01-01 11:00:00,0.4534270246429743,70.987998023462,28.47455044286757,1632.579664754219,0
2023-01-01 12:00:00,0.5241962271566034,80.37630436312632,28.461715300425404,1371.2836431415749,0
2023-01-01 13:00:00,0.3086719755342202,66.55406090955216,28.12019379778227,1360.288181488701,0
2023-01-01 14:00:00,0.3275082167486967,78.67981901582624,31.658949683863497,1441.6400673653995,0
2023-01-01 15:00:00,0.4437712470759027,70.98955391731324,29.612347722454395,1603.8378851019318,0
2023-01-01 16:00:00,0.39871688796655763,66.74290998192775,29.47097031737878,1348.0653924523158,0
2023-01-01 17:00:00,0.5314247332595274,67.58057082972839,25.992275271186493,1216.784440188943,0
2023-01-01 18:00:00,0.4091975924478789,68.3982634590284,31.270836060418453,1454.8841141591001,0
2023-01-01 19:00:00,0.3587696298664709,72.12082973200958,27.521483210293056,1555.174079991092,0
2023-01-01 20:00:00,0.6465648768921555,72.6141774401775,30.119865260532656,1620.026174973883,0
2023-01-01 21:00:00,0.47742236995134646,67.13149998030711,30.554753875916383,1453.68386379146,0
2023-01-01 22:00:00,0.5067528204687923,69.87822703869509,32.7213171916773,1458.8573392883998,0
2023-01-01 23:00:00,0.3575251813786543,80.71135179305932,27.382359201761776,1615.3900734255747,0
2023-01-02 00:00:00,0.44556172754748175,78.63771585050355,23.96097568835835,1313.0258300304579,0
2023-01-02 01:00:00,0.5110922589709866,72.18161834837016,30.36769908950739,1461.147922481699,0
2023-01-02 02:00:00,0.3849006422577697,70.190017390841,33.601022363021706,1519.0423889925057,0
2023-01-02 03:00:00,0.5375698018345672,70.60015663359131,32.47789270587887,1544.9218721285033,0
2023-01-02 04:00:00,0.4399361310081195,73.06758986365209,30.41931883054925,1449.0193306809117,0
2023-01-02 05:00:00,0.4708306250206723,64.88603717400797,29.016727628735904,1503.4441011705842,0
2023-01-02 06:00:00,0.4398293387770603,68.71311731288327,31.61424519327462,1251.167264658701,0
2023-01-02 07:00:00,0.6852278184508938,61.65707963061205,28.052907600591062,1434.1751587666151,0
2023-01-02 08:00:00,0.4986502775262066,71.99611561302639,30.95271553871244,1545.3508712554467,0
2023-01-02 09:00:00,0.39422890710440994,73.2359796985137,31.010940318333255,1401.770596574532,0
2023-01-02 10:00:00,0.5822544912103189,67.58406768850313,32.12041981499776,1505.8984221589596,0
2023-01-02 11:00:00,0.37791563500289777,77.86993381645016,35.51932007782216,1544.68725008027,0
2023-01-02 12:00:00,0.5208863595004756,63.8711716849883,30.784831934357534,1465.7450799142234,0
2023-01-02 13:00:00,0.30403298761202247,62.6781255989509,28.982072748585004,1517.046377099657,1
2023-01-02 14:00:00,0.3671813951101569,71.12225909279987,29.948851375616012,1403.7267434715388,1
2023-01-02 15:00:00,0.5196861235869124,75.23549151306077,26.461848190221765,1479.3388720303954,0
2023-01-02 16:00:00,0.573846657999541,78.41963845728934,28.610573737821884,1561.0216169589223,0
2023-01-02 17:00:00,0.5171368281189971,67.7055786856553,29.18143512377379,1515.6972960968435,0
2023-01-02 18:00:00,0.48843517176117596,75.39340416715648,28.951823204130815,1441.3468730436064,0
2023-01-02 19:00:00,0.4698896304410711,69.80745765249647,30.304709744067445,1522.4216404290794,0
2023-01-02 20:00:00,0.35214780096325726,69.1368635002959,28.3551601352356,1571.4609790636619,0
2023-01-02 21:00:00,0.4280155791605291,74.41829968743336,32.242061334648945,1295.0058721422522,0
2023-01-02 22:00:00,0.45393612290402124,73.2616143920671,30.000414129836393,1615.9074064955898,0
2023-01-02 23:00:00,0.6057122226218916,62.11803921507875,29.981399357722772,1466.3745261318927,0
2023-01-03 00:00:00,0.5343618289568461,77.38270174862947,29.344210566974166,1542.548993324023,0
2023-01-03 01:00:00,0.3236959844637266,76.90045677073726,30.31038136771796,1619.7246923645228,0
2023-01-03 02:00:00,0.5324083969394795,66.87218649245236,31.65019652933527,1362.8326302769533,0
2023-01-03 03:00:00,0.4614917719583683,71.97901766718705,28.265739568578198,1429.0558997572452,0
2023-01-03 04:00:00,0.4323077999694041,72.4701509314137,28.683767021849487,1471.1451304124296,0
2023-01-03 05:00:00,0.5611676288840868,71.30336882911953,29.392547942446672,1421.624647887557,0
2023-01-03 06:00:00,0.6030999522495951,67.2484742307729,27.308258153053572,1673.493657583681,0
2023-01-03 07:00:00,0.5931280119116199,66.64188316030975,28.361484280557004,1414.3227906173206,0
2023-01-03 08:00:00,0.41607824767773616,69.87222964504278,29.047558252910683,1444.4453220513133,0
2023-01-03 09:00:00,0.46907876241487856,75.86364509629682,31.748778361425455,1520.4389031602977,0
2023-01-03 10:00:00,0.5331263431403563,72.71800077297216,30.52512265800385,1379.785047392391,0
2023-01-03 11:00:00,0.5975545127122359,68.14692833956947,30.38717982273509,1460.4319288243737,0
2023-01-03 12:00:00,0.452082576215471,73.85849355324173,31.701795924335944,1531.7453261250175,0
2023-01-03 13:00:00,0.4814341023336183,55.75728689684962,29.725256423201206,1466.7139595617489,0
2023-01-03 14:00:00,0.3893665025993972,75.74382850186052,30.78092969985778,1490.6613141100052,1
2023-01-03 15:00:00,0.38037933759193293,61.301431106109504,29.793556494135007,1447.0667887551629,0
2023-01-03 16:00:00,0.5812525822394198,68.18779529298433,30.530724698799258,1348.5529690819233,0
2023-01-03 17:00:00,0.6356240028570823,64.40165052686928,28.834482684776837,1532.1593211339239,0
2023-01-03 18:00:00,0.49279898784196663,63.52659262139547,25.122365683447143,1675.4933071647242,0
2023-01-03 19:00:00,0.6003532897892024,75.8041339368926,29.73144167562739,1501.8401630783437,0
2023-01-03 20:00:00,0.5361636025047634,67.66149399344054,32.84549627219988,1522.526411724755,0
2023-01-03 21:00:00,0.43548802453948754,71.73251940865357,31.852430804483184,1569.2722755116858,0
2023-01-03 22:00:00,0.5361395605508414,69.76539710560408,31.93079496918234,1373.06695034533,0
2023-01-03 23:00:00,0.6538036566465969,72.3852041361156,32.47226144361244,1670.2514658129605,0
2023-01-04 00:00:00,0.49641739608900487,70.38410945530127,30.177315181922875,1520.2328796422803,0
2023-01-04 01:00:00,0.6564643655814006,63.58503887905715,30.39463141481119,1663.185689908911,0
2023-01-04 02:00:00,0.23802548959102554,74.9813340972357,28.7646962091313,1426.696700447601,0
2023-01-04 03:00:00,0.5821902504375224,67.53121708419344,29.3678542879459,1681.8061922557824,0
2023-01-04 04:00:00,0.5087047068238171,62.21709050670125,31.231542299542284,1577.5155494034784,0
2023-01-04 05:00:00,0.47009926495341325,67.85942419517043,32.407768874337634,1555.3040085852358,0
2023-01-04 06:00:00,0.5091760776535502,77.50379895317155,29.721107448638,1523.4024454353148,0
2023-01-04 07:00:00,0.3012431085399107,74.25110871056746,29.099621470297176,1475.147138192555,0
2023-01-04 08:00:00,0.4780328112162488,68.2567393279607,30.001055917713195,1620.0531658473872,0
2023-01-04 09:00:00,0.5357112571511746,68.25371147840785,31.20241349785823,1514.0359869848046,0
2023-01-04 10:00:00,0.6477894044741517,68.39182474391309,27.112290367732918,1303.2930296412846,0
2023-01-04 11:00:00,0.44817297817263524,80.3837399178042,25.407638093725524,1388.2813538292999,0
2023-01-04 12:00:00,0.4191506397106812,71.90967726115777,28.898926301016832,1481.4154247807253,0
2023-01-04 13:00:00,0.44982429564154636,72.15020823595535,27.558575148171684,1530.9998983165556,0
2023-01-04 14:00:00,0.5915402117702074,75.15141727015921,28.983719604705378,1494.3411511100105,0
2023-01-04 15:00:00,0.5328751109659684,71.19394579513256,29.704439362365058,1621.8970789793664,0
2023-01-04 16:00:00,0.4470239796232961,68.70478927089648,29.093503181953974,1304.8898135961376,0
2023-01-04 17:00:00,0.5513267433113356,69.0182507545751,32.90493506894149,1514.358793650516,0
2023-01-04 18:00:00,0.509707754934804,69.64199370292968,30.65348952920464,1318.2020774612845,0
2023-01-04 19:00:00,0.596864499053289,69.81388881745079,30.600948719221655,1575.9712295484169,0
2023-01-04 20:00:00,0.4297946906122648,73.6381477181849,31.244414288086805,1490.5541285557997,0
2023-01-04 21:00:00,0.4672337853402232,70.2597294290365,27.72233376443846,1541.9609972024118,1
2023-01-04 22:00:00,0.4607891846867842,73.66320038607789,32.078223574840536,1413.6117039410233,0
2023-01-04 23:00:00,0.35364850518678814,69.59641709945708,29.84847142692908,1627.946493165775,0
2023-01-05 00:00:00,0.5296120277064577,70.39317595158045,31.340961234482425,1604.1724664058852,0
2023-01-05 01:00:00,0.526105527217989,60.00899657733946,27.85628553391969,1558.3544303011888,0
2023-01-05 02:00:00,0.500511345664246,74.5816383735124,26.89248246796787,1487.048275313656,0
2023-01-05 03:00:00,0.4765412866624853,71.73244237948997,31.63577931605006,1557.9857285295132,0
2023-01-05 04:00:00,0.35846292579495853,74.99005054929826,30.752819052195033,1429.310743201265,0
2023-01-05 05:00:00,0.4579354677234641,55.518723109031555,28.195896891284978,1585.5555659020713,0
2023-01-05 06:00:00,0.465728548347323,80.44187352390364,28.26067383745061,1664.9480894323922,0
2023-01-05 07:00:00,0.4197722730778381,69.30205185922414,32.250869568829536,1607.0610559979186,0
2023-01-05 08:00:00,0.48387142883339906,75.54091408368758,27.621176214265343,1427.039753019259,0
2023-01-05 09:00:00,0.5404050856814538,64.80047036437234,33.28534590651193,1536.1417317273103,0
2023-01-05 10:00:00,0.6886185901210531,73.06386952531285,28.19875853070426,1370.6858456241353,0
2023-01-05 11:00:00,0.5174577812831839,64.73292218413172,31.276783851216766,1557.2390311175675,0
2023-01-05 12:00:00,0.5257550390722764,66.88115519652098,29.342763048502032,1545.0603412862538,0
2023-01-05 13:00:00,0.4925554084233833,79.57015676933393,31.206374862164687,1313.0183660467835,0
2023-01-05 14:00:00,0.30812287847009584,69.04658799618326,28.911771995771616,1383.8216156087635,0
2023-01-05 15:00:00,0.49734861245507833,71.08716436589862,29.67441418785541,1471.6861103256233,0
2023-01-05 16:00:00,0.5060230209941027,74.35033865344377,30.081838350791443,1469.9140252859174,0
2023-01-05 17:00:00,0.7463242112485287,72.47840943986303,27.995625088437055,1379.0523064581196,0
2023-01-05 18:00:00,0.48076390352188775,70.75209452571788,31.481648690840252,1538.8978729352184,0
2023-01-05 19:00:00,0.5301547342333612,71.82480501233113,28.97357286705683,1525.1473608940512,0
2023-01-05 20:00:00,0.49652882302947565,82.01707792619138,29.542800169319964,1480.573086802148,0
2023-01-05 21:00:00,0.3831321962380468,69.71190601483207,28.011301250782974,1424.4208499841636,0
2023-01-05 22:00:00,0.6142822814515021,71.00549523357483,24.87533268240938,1604.8707126416564,0
2023-01-05 23:00:00,0.5751933032686775,75.25327198003806,29.61794447479966,1665.5407113088295,0
2023-01-06 00:00:00,0.5791031947043047,75.52762966478991,34.82523084322583,1451.6438516153462,0
2023-01-06 01:00:00,0.4090612545205261,75.9351515278019,31.569208575796047,1438.783308284518,0
2023-01-06 02:00:00,0.64027943109361,73.19365111014592,29.96147924053121,1549.1207665411996,0
2023-01-06 03:00:00,0.3598148937207719,64.28497543634758,29.474218341583466,1464.1970620253014,0
2023-01-06 04:00:00,0.558685709380027,78.16715766150548,30.044931785624094,1486.0602799336766,0
2023-01-06 05:00:00,0.7190455625809978,64.26827303490656,31.09423823035042,1573.9653151724672,0
2023-01-06 06:00:00,0.40094636748693113,71.51317732619516,27.638374369382312,1309.0643912492708,0
2023-01-06 07:00:00,0.4433702270397228,66.22862074990321,32.22864338933775,1631.8302324852668,0
2023-01-06 08:00:00,0.5099651365087641,69.67930826703504,31.430762630882487,1507.2680524329342,0
2023-01-06 09:00:00,0.44965243458838006,71.6438120515174,31.43637145141587,1458.850685543782,1
2023-01-06 10:00:00,0.34493365689338673,71.60678607725137,30.876951477619453,1491.076584577855,0
2023-01-06 11:00:00,0.5068562974806027,72.10960377117642,30.03923331538798,1496.242935502052,0
2023-01-06 12:00:00,0.3937696286273895,78.06855634529323,31.34572247193364,1326.8798696555075,1
2023-01-06 13:00:00,0.5473592430635181,72.2676715075699,31.183628267482757,1649.4938227453235,0
2023-01-06 14:00:00,0.4080575765766197,68.77921682354676,29.29191857811795,1504.1325632270618,0
2023-01-06 15:00:00,0.6549934405017539,74.82043584144179,28.8527964542062,1544.3002130447376,0
2023-01-06 16:00:00,0.42167467076637627,75.9473524446232,30.203712590523974,1595.1549770574043,0
2023-01-06 17:00:00,0.46779384837943244,63.861960924315035,33.09804030299038,1397.88375424397,0
2023-01-06 18:00:00,0.581351721736967,72.98700034924929,27.521785848692197,1547.3471899035228,0
2023-01-06 19:00:00,0.3769135683566045,73.5058637115545,27.06494946849512,1473.2358909101206,0
2023-01-06 20:00:00,0.522745993460413,68.51218248320004,30.329521682473032,1584.6770775216494,0
2023-01-06 21:00:00,0.6307142754282429,76.8785340665581,30.101775403712036,1287.2772579648504,0
2023-01-06 22:00:00,0.3392516765438772,69.24972206483737,30.346683328740816,1490.090569975873,0
2023-01-06 23:00:00,0.5184633858532304,70.6278822673577,30.487906395817,1439.7179344216038,0
2023-01-07 00:00:00,0.5259882794248424,69.13464087858065,29.55359549073039,1543.2262950634156,0
2023-01-07 01:00:00,0.578182287177731,70.07789523790734,32.979726877204165,1547.0044187368203,0
2023-01-07 02:00:00,0.3763049289121918,64.518624565524,26.798192043046967,1429.2374105177973,0
2023-01-07 03:00:00,0.36795433869157235,62.799745587028525,28.343005950439508,1428.7826135823957,0
2023-01-07 04:00:00,0.5521941565616898,77.97252531612486,29.793490479701905,1488.933463144267,0
2023-01-07 05:00:00,0.5296984673233186,65.76519325840836,26.713622377691664,1410.3357772684792,0
2023-01-07 06:00:00,0.5250492850345877,65.04303825271846,29.648291191135858,1584.1983695452127,0
2023-01-07 07:00:00,0.5346448209496976,59.23304943198143,33.32294033145604,1463.0792799552553,0
2023-01-07 08:00:00,0.4319975278421509,66.8051912615525,30.041772976591922,1209.3011780678357,0
2023-01-07 09:00:00,0.5232253697161003,63.384551032962506,30.461401811437366,1462.5177943378194,0
2023-01-07 10:00:00,0.5293072473298681,78.21007580068185,27.479670469654838,1396.1456179156028,0
2023-01-07 11:00:00,0.42856485819736323,75.04908544671318,28.767277183921045,1336.8724184539055,0
2023-01-07 12:00:00,0.6865774511144757,66.55924827411138,29.249607239352127,1376.2573361777427,0
2023-01-07 13:00:00,0.5473832920911788,81.26217902672154,29.36456980648753,1510.940847183297,0
2023-01-07 14:00:00,0.38086965027973513,74.90882743495797,32.56328759000754,1632.864082824823,0
2023-01-07 15:00:00,0.565655360863383,68.37584308245688,31.11538212145025,1531.318447386498,0
2023-01-07 16:00:00,0.40253183297726786,57.50297142563213,27.777084086125935,1439.349661178426,0
2023-01-07 17:00:00,0.5787084603742452,81.45471286295371,30.49300955686401,1545.5904195170704,0
2023-01-07 18:00:00,0.6158595579007404,63.05213766618202,30.99644349699357,1454.0909689781008,0
2023-01-07 19:00:00,0.41793176816482897,61.77300626521554,32.28029807704253,1430.5399630836855,0
2023-01-07 20:00:00,0.5963376129244322,75.1128521600482,33.161081373136746,1384.5637331767016,0
2023-01-07 21:00:00,0.5412780926936498,82.19876203169636,27.969811616344263,1324.8171193248281,0
2023-01-07 22:00:00,0.582206015999449,76.9213640925526,28.378284977579323,1461.0076293440554,0
2023-01-07 23:00:00,0.6896792982653948,72.8195456002618,27.48484428217077,1515.8053489920133,0
2023-01-08 00:00:00,0.47546118839971296,72.97377170832642,29.531960281786038,1490.337632998511,1
2023-01-08 01:00:00,0.42462638356425103,74.26707779390154,30.93271674889267,1458.4033072052641,0
2023-01-08 02:00:00,0.4110485570374477,73.79464294893383,31.974669033178202,1405.425393930322,0
2023-01-08 03:00:00,0.4184189715034562,71.40595711984687,29.848097952714955,1560.8246191684968,0
2023-01-08 04:00:00,0.4922898290585896,70.52100551975938,29.360304953490314,1368.2868080053415,0
2023-01-08 05:00:00,0.5341151974816644,69.6870343605024,30.30351598449748,1577.6027913843475,0
2023-01-08 06:00:00,0.5276690799330019,66.23017705566662,28.329714196739953,1399.7782981073276,0
2023-01-08 07:00:00,0.5827183249036024,68.59662461566613,34.179077443389545,1424.7564762646964,0
2023-01-08 08:00:00,0.5013001891877907,61.535215929023074,26.78467794576388,1353.3214809384324,0
2023-01-08 09:00:00,0.6453534077157317,69.50830186602624,30.369481157791448,1449.8597853114363,0
2023-01-08 10:00:00,0.4735343166762044,65.05704446424541,34.047212438459276,1597.531245847798,0
2023-01-08 11:00:00,0.7720169166589619,64.48205341392115,30.013599689119996,1551.5628088443957,1
2023-01-08 12:00:00,0.5625667347765007,70.8994707557674,29.619921929997012,1597.8422112028036,0
2023-01-08 13:00:00,0.41428424435837174,76.96001143172299,29.285109154379146,1552.2142545933937,0
2023-01-08 14:00:00,0.39291075019388877,74.59158303001156,29.639216636475183,1389.633017146963,0
2023-01-08 15:00:00,0.5482472415243185,62.14749698188412,32.74569694935306,1466.9210775672443,0
2023-01-08 16:00:00,0.4776537214674149,65.05185931714831,25.576276177340986,1421.9800870882536,0
2023-01-08 17:00:00,0.5714000494092092,74.70385593994108,33.06686740259265,1633.057490403904,0
2023-01-08 18:00:00,0.5473237624573545,65.08756303230845,27.15208569509971,1380.3211353573688,0
2023-01-08 19:00:00,0.49271710873431274,68.87683425001488,29.46669534153117,1589.3697689389112,0
2023-01-08 20:00:00,0.4153206281931595,72.75026049512276,29.141511159402675,1589.295387010877,0
2023-01-08 21:00:00,0.34851527753141354,65.15827772568183,31.17710653954144,1682.9620201716086,0
2023-01-08 22:00:00,0.4553485047932979,70.5268775307298,26.803751296232505,1459.0313407370502,0
2023-01-08 23:00:00,0.5856398794323472,63.32987252540898,30.924345332163885,1571.2322159580162,0
2023-01-09 00:00:00,0.5214093744130204,66.99316178024394,34.04861924657371,1728.1651836538842,1
2023-01-09 01:00:00,0.3754261221288012,71.59890967071269,27.27365199081438,1438.2358323066303,0
2023-01-09 02:00:00,0.5173180925851182,62.03503133234165,30.379412335220792,1346.495975246764,0
2023-01-09 03:00:00,0.5385317379728837,72.20237368980199,28.67603564440678,1311.9989966092237,0
2023-01-09 04:00:00,0.4116142563798867,69.9018110053666,30.85177441238607,1571.271202886133,0
2023-01-09 05:00:00,0.5153725105945528,72.76244977208574,30.038295554831503,1311.6849791941415,0
2023-01-09 06:00:00,0.5058208718446,71.11957067032331,28.71702618191138,1462.7680947062076,0
2023-01-09 07:00:00,0.38570297021693767,76.82070214986922,30.975744569742147,1543.731318703896,0
2023-01-09 08:00:00,0.5357787360348283,70.62612251323954,33.60869621957349,1518.5175536829913,0
2023-01-09 09:00:00,0.5560784526368234,67.85297229437373,29.6181924165454,1542.5444864184171,0
2023-01-09 10:00:00,0.6083051243175277,70.61148751516141,31.439515884296362,1522.2289855800855,0
2023-01-09 11:00:00,0.6053802052034903,72.71649014518194,27.413454084257673,1627.8865813313394,0
2023-01-09 12:00:00,0.3622330632042909,70.24430035162852,28.087127246363984,1404.7683619261204,0
2023-01-09 13:00:00,0.4062174960084877,70.20295845601942,30.944812555760755,1432.300486154147,0
2023-01-09 14:00:00,0.551503526720866,66.49004156096622,32.96823205707193,1422.7340554729176,0
2023-01-09 15:00:00,0.5513785950912209,66.68549541224526,30.71122669757132,1583.019181186261,0
2023-01-09 16:00:00,0.5515047686306048,62.98697364100153,29.373883938953693,1590.0398588395065,1
2023-01-09 17:00:00,0.8852731490654722,78.74788371593469,29.99858281084671,1545.1225319318507,0
2023-01-09 18:00:00,0.5570890510693167,63.780683823043574,27.499184532060564,1618.3493666889929,0
2023-01-09 19:00:00,0.6135565640180599,66.53547401102047,31.209030652710734,1382.195913262362,0
2023-01-09 20:00:00,0.5954001763493202,66.40796367215401,31.76466612464682,1666.7224111551136,0
2023-01-09 21:00:00,0.5651391251305798,74.47462188472221,29.09581933433384,1652.3238621712258,0
2023-01-09 22:00:00,0.46847307553596546,68.52525160853986,29.059915704480996,1573.5621997245746,1
2023-01-09 23:00:00,0.5758969220493267,76.23871036336867,30.5317564593041,1678.1798908771061,0
2023-01-10 00:00:00,0.4227174785462428,66.63254687878066,29.12656052791881,1334.3376792322226,0
2023-01-10 01:00:00,0.4763181393259991,71.39497081111901,29.867734770748356,1447.5551863737348,0
2023-01-10 02:00:00,0.45146364521708965,65.82326473370121,34.19944357833303,1426.4696539318047,0
2023-01-10 03:00:00,0.5081874139386322,80.72574563886694,29.505948598508006,1572.1479323757344,0
2023-01-10 04:00:00,0.7314658566673509,64.06200790485244,29.283319695957555,1394.9859260397855,0
2023-01-10 05:00:00,0.31327348074082517,71.54910355113513,28.704916388729682,1575.7495149337485,0
2023-01-10 06:00:00,0.5686260190374514,73.16888440466049,31.488383942999874,1637.0536143996715,0
2023-01-10 07:00:00,0.33872841288103483,72.0689954872575,29.637551653563794,1569.5202900084,0
2023-01-10 08:00:00,0.45280681342105666,69.07356170561145,28.701253923357147,1528.37510236615,0
2023-01-10 09:00:00,0.6088950596967366,69.35089650133287,32.642608064546025,1401.2126659099251,0
2023-01-10 10:00:00,0.5064280019095463,70.21905735989554,32.83920600902727,1415.3149033874636,0
2023-01-10 11:00:00,0.3922255222070694,69.26498999185756,28.79915286852259,1624.9618905296666,0
2023-01-10 12:00:00,0.42846962907400316,74.81939558397455,26.266920097278767,1577.9349003905331,0
2023-01-10 13:00:00,0.5679597748934676,81.05261500795676,32.015027379673846,1496.0980480622457,0
2023-01-10 14:00:00,0.42696333682828636,67.21254107496082,28.630740348479993,1458.209045423411,0
2023-01-10 15:00:00,0.5216458589581975,63.15098510210461,31.58125119832554,1297.4192126888622,0
2023-01-10 16:00:00,0.5045571839903814,69.55858975824373,26.059792364576328,1392.914758131556,0
2023-01-10 17:00:00,0.43483996523941826,82.8985466882716,31.785194676598618,1691.1419087139723,0
2023-01-10 18:00:00,0.7143944089325326,65.98162716015135,27.57765614143844,1371.9544428997533,0
2023-01-10 19:00:00,0.5633919022318011,78.19558402722033,31.46152823813305,1518.947982122108,0
2023-01-10 20:00:00,0.2974857413342393,78.3885040703822,30.02854613567287,1600.7443973195197,0
2023-01-10 21:00:00,0.5186454314769428,67.23205879146003,28.09212116120671,1374.5077331997707,0
2023-01-10 22:00:00,0.4338213535231612,72.84491539592638,29.185927374146438,1518.4710474781084,0
2023-01-10 23:00:00,0.5852433334796224,78.14198311564269,31.3726369139134,1593.7915537510655,0
2023-01-11 00:00:00,0.42074792615672996,68.10436129506256,30.211788906230467,1501.249932190725,0
2023-01-11 01:00:00,0.4885263558533101,68.98209819948819,31.168825960944968,1786.8403055666768,1
2023-01-11 02:00:00,0.5504987278980458,67.09159543025677,33.952881169030974,1333.1400741121804,0
2023-01-11 03:00:00,0.5865755194170121,64.92621634653567,26.8715167765779,1605.8728529883879,0
2023-01-11 04:00:00,0.37997035929442236,66.75361227466996,33.234425149937245,1482.7198262603536,0
2023-01-11 05:00:00,0.4665498764159052,63.880298666188715,30.208711875046426,1577.1920154836675,1
2023-01-11 06:00:00,0.45250546888390436,70.17041734129613,28.202431903353745,1544.1307151699245,0
2023-01-11 07:00:00,0.43466707674262883,66.15013384470679,27.33937274852202,1426.6843802890003,0
2023-01-11 08:00:00,0.6765454240281097,71.16892955895374,29.621759218445934,1522.899639245934,0
2023-01-11 09:00:00,0.5404981710960955,62.22052176898186,31.843300223848917,1314.2098548601712,0
2023-01-11 10:00:00,0.37391160456649547,71.65440116107229,29.744901759244932,1560.3247500571395,0
2023-01-11 11:00:00,0.5917861947054777,74.16764480804463,33.022309860494694,1529.8158465990525,1
2023-01-11 12:00:00,0.7122156197012633,60.03132178714272,27.097648619896884,1563.8660168643103,0
2023-01-11 13:00:00,0.6032465260551148,71.87028284923787,29.97582210430789,1605.811832508715,0
2023-01-11 14:00:00,0.3480630034045986,76.13834496236646,27.49521311117376,1536.761984020971,0
2023-01-11 15:00:00,0.45157659271337486,63.951794906543974,30.727263765249937,1514.8089419798275,0
2023-01-11 16:00:00,0.6266911149186623,78.36286193418852,31.7737747801946,1411.8931663338708,0
2023-01-11 17:00:00,0.4292330534381219,72.09509504683022,29.158476412637892,1428.7779236350948,0
2023-01-11 18:00:00,0.5443819428146228,66.47494072120796,24.791572286745733,1618.673462017733,0
2023-01-11 19:00:00,0.5774634053429337,69.72115461171147,30.39789629359299,1643.633540570598,0
2023-01-11 20:00:00,0.4073069528421917,72.7916345626086,30.873477103467017,1476.1889563687946,0
2023-01-11 21:00:00,0.49404746439381997,70.38002695706206,30.808589509923394,1504.6002747253274,0
2023-01-11 22:00:00,0.17587326599309272,72.69377996223184,32.471564383644306,1409.5385625006234,1
2023-01-11 23:00:00,0.397561235866571,65.39663203460317,27.857892640701902,1617.2756845267445,0
2023-01-12 00:00:00,0.47474318486068395,70.8468041201804,31.3604322109009,1566.5416823691778,0
2023-01-12 01:00:00,0.37522168180351506,62.9314275154751,32.38501502495595,1694.1217436463749,0
2023-01-12 02:00:00,0.6632411303931636,69.4438696932565,26.442824831986968,1412.167692282026,0
2023-01-12 03:00:00,0.3569858622039367,65.48046179267605,30.639303651837956,1462.1992100981784,0
2023-01-12 04:00:00,0.4559955513303016,66.32235028705117,28.991640337984656,1523.1445922525572,0
2023-01-12 05:00:00,0.5130740577286091,76.18046587605218,29.83695465379671,1564.648953772577,0
2023-01-12 06:00:00,0.6441273289066116,75.45655060297135,30.695352967076673,1478.4332362452367,0
2023-01-12 07:00:00,0.35641378488205605,73.04569060453588,29.025542871772895,1412.70389095463,0
2023-01-12 08:00:00,0.616316375215496,64.5384361766371,28.648583841676775,1588.140752892357,1
2023-01-12 09:00:00,0.5010233061019587,68.41795775152599,30.06830483497605,1572.113536254558,0
2023-01-12 10:00:00,0.4018491348952049,76.06548849989592,27.825508122274396,1408.3725899436274,0
2023-01-12 11:00:00,0.5462103474263271,70.70858456819953,27.82834974222963,1635.5442801105496,0
2023-01-12 12:00:00,0.519905969557347,81.59664769990847,31.358746565913005,1617.0198709196604,0
2023-01-12 13:00:00,0.43997831228412054,71.96658919697185,27.70241192968269,1513.4296497247792,0
2023-01-12 14:00:00,0.5069802084990019,70.96024558245016,31.332625001818425,1507.9597862376036,0
2023-01-12 15:00:00,0.46146864031382395,68.4544176789875,30.9251825857079,1555.4057771115906,1
2023-01-12 16:00:00,0.5113517345251248,70.66770452391141,26.548386542418807,1413.8296929743742,0
2023-01-12 17:00:00,0.5662130674521046,69.23765081809728,28.64487069532869,1503.0031479164081,0
2023-01-12 18:00:00,0.6586016816145353,73.54054338344295,32.38821880609474,1284.7616455390819,0
2023-01-12 19:00:00,0.3762184501173151,74.78351158397292,28.037668937720635,1587.6455645502936,0
2023-01-12 20:00:00,0.7133033374656267,66.07005269746026,29.071191475381223,1343.850677755814,0
2023-01-12 21:00:00,0.30479122004774983,63.343835232211106,30.924121786503793,1650.3419828428998,1
2023-01-12 22:00:00,0.4848214904964417,60.818973134483514,31.56678101856519,1466.987990603355,0
2023-01-12 23:00:00,0.5588317206484577,72.53995663456271,29.496922227911007,1478.8333018068822,0
2023-01-13 00:00:00,0.5280991867735033,64.48316696913064,28.804979610616716,1437.2266093915493,0
2023-01-13 01:00:00,0.43773004801794063,59.23554703523759,32.84473972339701,1471.1961126077924,0
2023-01-13 02:00:00,0.47918777496427245,71.94289302265481,33.47779932759516,1641.8531345148037,0
2023-01-13 03:00:00,0.45069990653411673,82.46499758716395,31.95771610156359,1251.219134346492,0
2023-01-13 04:00:00,0.4410635243055788,69.96964544230053,30.170636285130048,1627.6965386088189,0
2023-01-13 05:00:00,0.5849602097021025,74.19245387225821,28.383468556718146,1533.802348110171,1
2023-01-13 06:00:00,0.5357015485965048,70.40914679273783,28.339111186886868,1379.2978352142784,0
2023-01-13 07:00:00,0.43070904047393455,69.50555173404429,31.045028210531516,1392.4687606950763,0
2023-01-13 08:00:00,0.589959987543325,74.59538241493884,30.836796441777366,1667.6393027208203,0
2023-01-13 09:00:00,0.5307299520876609,68.54862727905675,32.803197185892856,1405.4493120057268,0
2023-01-13 10:00:00,0.581286211883896,71.33696157035952,31.30090018507228,1384.664948940404,0
2023-01-13 11:00:00,0.5629628841923612,71.60848903098007,26.993839396480364,1613.731454236473,0
2023-01-13 12:00:00,0.41710049890779277,66.65954773178476,32.10389523544584,1533.8552876285914,0
2023-01-13 13:00:00,0.443981895980303,74.96021174768262,28.003878745371175,1406.20744234636,0
2023-01-13 14:00:00,0.5747293605123261,69.12520121652295,29.232057456095298,1521.6624975404618,0
2023-01-13 15:00:00,0.5610370265433465,66.22127420253578,30.50040041250339,1397.4247316359722,0
2023-01-13 16:00:00,0.4979098406035852,72.68254921785201,33.99133497956793,1610.0821398422604,0
2023-01-13 17:00:00,0.5117327383308782,65.50766009104481,36.21983711201072,1606.1370964873133,0
2023-01-13 18:00:00,0.6277664895788425,70.14090578684564,31.213446118272365,1553.2006198821944,0
2023-01-13 19:00:00,0.440842861116417,69.95440501677898,29.633606762559225,1536.1661061247016,0
2023-01-13 20:00:00,0.5547097381170037,75.42947782915789,31.0690112969611,1676.1188124867374,0
2023-01-13 21:00:00,0.4797807347566106,72.37349116439977,31.775310851747673,1499.9686327388226,0
2023-01-13 22:00:00,0.478231879677278,69.87486520627428,29.358664748885616,1381.8125874579198,0
2023-01-13 23:00:00,0.609877685198719,74.08883149600143,33.590422711824644,1544.9473912832307,0
2023-01-14 00:00:00,0.582541634898803,76.95103774508657,30.460141518382805,1708.6047049537115,0
2023-01-14 01:00:00,0.5813509636000639,72.78905153175931,30.995486178182787,1398.5240506814148,0
2023-01-14 02:00:00,0.6305478807154329,70.0517630992169,31.331848504108923,1463.8537233306015,0
2023-01-14 03:00:00,0.502100384163276,63.4408188382492,30.843173221228913,1541.6446038101453,1
2023-01-14 04:00:00,0.5681952971294963,64.67443168462313,31.677881000939223,1494.609515099426,0
2023-01-14 05:00:00,0.4689733243406544,68.47387647822666,28.765493626906153,1401.7696419622685,0
2023-01-14 06:00:00,0.5324166352488442,66.95243898920359,28.883396492107938,1612.1857856230472,0
2023-01-14 07:00:00,0.48698569456323154,69.06514348507277,27.79969153405661,1732.0040722017259,0
2023-01-14 08:00:00,0.5096995964992718,70.28324962448553,30.879002461240454,1519.6131459023907,0
2023-01-14 09:00:00,0.5595157025436913,72.64846377178365,31.557873007024227,1409.5931710264,0
2023-01-14 10:00:00,0.41817793167665274,69.64750610970454,30.915545732303773,1345.1039474946524,0
2023-01-14 11:00:00,0.709238727568546,72.43250821913101,33.348984866695076,1525.7975981221182,0
2023-01-14 12:00:00,0.3993982618500298,70.3223720740506,29.988807962341905,1610.3877343316258,0
2023-01-14 13:00:00,0.3785811387212268,60.12266716823064,31.337483311185025,1547.516774649538,0
2023-01-14 14:00:00,0.6158110873500068,65.30332303090623,27.816598247721373,1499.7596159081147,0
2023-01-14 15:00:00,0.5791662693962936,69.27956222139193,29.225800595051197,1441.0728348210694,0
2023-01-14 16:00:00,0.5624119817052156,63.951526285794465,31.391075515131554,1390.7836367281911,0
2023-01-14 17:00:00,0.562834550926428,72.99964364998102,31.69820422148629,1583.475132632488,1
2023-01-14 18:00:00,0.49877532271530856,77.65375416171848,29.412066104671634,1591.3771621385586,1
2023-01-14 19:00:00,0.41027456285141684,76.09380925848659,29.856801496283865,1345.4270213309267,0
2023-01-14 20:00:00,0.5075804558193726,68.93278564534896,26.96425250663838,1658.9838978180683,0
2023-01-14 21:00:00,0.4322838288487888,77.45363068424976,29.28594159838678,1557.4071220894002,0
2023-01-14 22:00:00,0.5975119733417751,70.74333728601056,31.780766327039572,1639.9594645145794,1
2023-01-14 23:00:00,0.48529426184978613,68.3145701444098,31.15041003221313,1365.7872251514884,0
2023-01-15 00:00:00,0.4174502803207488,66.93298668229531,31.00133144276242,1363.417584458456,0
2023-01-15 01:00:00,0.46786141583470064,68.48765156755935,30.09954737436192,1485.1030690232703,0
2023-01-15 02:00:00,0.5412931454275625,68.05911590729386,30.014126317256352,1550.2784426895194,0
2023-01-15 03:00:00,0.44362754471960253,70.85208111187744,28.679357721053105,1679.6360822926963,0
2023-01-15 04:00:00,0.41777796044335685,70.80286990524932,31.39765684040507,1570.6078913815131,0
2023-01-15 05:00:00,0.5243687211491912,70.01523010076707,30.84194588877878,1475.7318723187966,0
2023-01-15 06:00:00,0.5244966571108722,72.18469084873175,30.9840376959856,1397.3630792334109,0
2023-01-15 07:00:00,0.44930568246288705,75.9532313739317,28.947930314664838,1623.000057271915,0
2023-01-15 08:00:00,0.45289616943816774,74.74777067720662,25.69331416025751,1403.5294574249285,0
2023-01-15 09:00:00,0.5232049937357637,62.575510157750486,32.194305423507394,1662.846855477232,0
2023-01-15 10:00:00,0.35519156585026757,57.230394325490224,29.04232508798319,1471.561535039349,0
2023-01-15 11:00:00,0.3592536225623445,74.67159955619637,28.274448471913757,1659.0582072617851,0
2023-01-15 12:00:00,0.4281555778747564,63.165606507922895,31.386957823827988,1567.893129005928,0
2023-01-15 13:00:00,0.47865528482881525,68.87617299053659,29.21597472016174,1486.3004510557541,0
2023-01-15 14:00:00,0.5310907565598004,64.1494348697032,32.119872768093245,1448.0603628173874,1
2023-01-15 15:00:00,0.6475356216949553,60.990097812099904,31.234011899153394,1465.909212265392,0
2023-01-15 16:00:00,0.585765962320202,72.70731364102394,31.367138646400957,1542.8316692375238,0
2023-01-15 17:00:00,0.4840061470036573,73.79577580151323,27.26808857759893,1507.7156496217717,0
2023-01-15 18:00:00,0.4980983792097311,67.11744799636641,32.4238879707728,1440.6188591931295,1
2023-01-15 19:00:00,0.39974706353621914,57.04478853927545,30.52250106246771,1483.4368589682367,0
2023-01-15 20:00:00,0.498148686400761,67.26877775873758,29.261445721507595,1507.857702971915,0
2023-01-15 21:00:00,0.47113413610798616,71.95902002701273,30.286776934684504,1287.1265905585187,0
2023-01-15 22:00:00,0.532271856033809,62.60544215612936,26.447529534203362,1545.8168114788698,0
2023-01-15 23:00:00,0.4172769056447677,70.91679959889578,30.817305622961342,1402.0278775283193,0
2023-01-16 00:00:00,0.5519346514241172,69.92345075413502,27.941256983635856,1384.6667596794255,0
2023-01-16 01:00:00,0.6532738913002578,72.89645749800545,27.294659428312933,1331.2655652889289,0
2023-01-16 02:00:00,0.4891239851543142,70.59790184207077,26.95528162756422,1320.6107502132108,0
2023-01-16 03:00:00,0.5401711722098942,65.13465529559222,32.22537674997985,1364.4552496887711,0
2023-01-16 04:00:00,0.5690143991711113,75.98285750832245,28.741473212614423,1429.0979042369509,0
2023-01-16 05:00:00,0.45987795281141636,69.20735213486515,33.067455419832996,1695.3259137526568,0
2023-01-16 06:00:00,0.5224092481810417,69.86347730245033,28.928397073895404,1447.4120324104797,0
2023-01-16 07:00:00,0.5012592400781795,65.33366020463401,26.585284084814106,1517.7750106268031,0
2023-01-16 08:00:00,0.5097676098548831,67.78358874404245,27.766951120102682,1540.0481386506328,0
2023-01-16 09:00:00,0.42269902161445333,65.5759864298655,32.47162324001388,1513.1065186215849,0
2023-01-16 10:00:00,0.5024510174258943,69.13526970038288,29.688203644126666,1492.2556539274005,0
2023-01-16 11:00:00,0.549799829124545,78.55854240071172,28.903425407018798,1380.4706236400755,1
2023-01-16 12:00:00,0.6451143607795042,63.140494285343216,30.320036451705576,1645.0927548279212,0
2023-01-16 13:00:00,0.5959270826085207,61.932193010616295,31.00356547233509,1680.7196643637885,0
2023-01-16 14:00:00,0.7153182457511557,77.35585163746805,32.23479763180492,1331.7341305877314,0
2023-01-16 15:00:00,0.42326524371119506,68.95338161424067,32.896998459785856,1397.597140911362,0
2023-01-16 16:00:00,0.5872320636720678,66.65463630670041,29.28046270842183,1472.0189657622993,0
2023-01-16 17:00:00,0.5183342005738352,75.19952343698039,27.347904627835923,1403.546220508981,0
2023-01-16 18:00:00,0.7189802933217673,66.97192230131569,29.173069677753446,1550.5965553455865,0
2023-01-16 19:00:00,0.4191701714644849,79.13004856773468,30.52056101316577,1427.1727797593387,0
2023-01-16 20:00:00,0.4160278157819224,73.38962935669635,28.07248214757878,1716.5056067806602,0
2023-01-16 21:00:00,0.44006073545559776,67.56044295927148,28.085698170209913,1619.0548594343595,0
2023-01-16 22:00:00,0.28761042756901933,80.78654106632752,30.687575763099773,1521.2574030632215,0
2023-01-16 23:00:00,0.4474244978319239,66.9714253849833,29.902695296859097,1602.6986263319732,0
2023-01-17 00:00:00,0.4240867338446302,73.71047686004654,30.065593990823174,1610.590042435731,0
2023-01-17 01:00:00,0.5150393786476207,71.49646290203246,28.48300933059986,1443.6052511941757,0
2023-01-17 02:00:00,0.5341755975777159,76.50870644699398,29.539198571588464,1418.3782755458035,1
2023-01-17 03:00:00,0.6876170839215886,77.80755598363426,28.15153371146339,1507.8143062969648,1
2023-01-17 04:00:00,0.595042383818605,70.16002074532884,31.780396822249575,1586.1636124497943,0
2023-01-17 05:00:00,0.4423096344337597,66.23291064826908,32.0704986694475,1513.9060398653417,0
2023-01-17 06:00:00,0.4101585328651642,72.29986071469558,26.307624275523814,1342.3003517809002,0
2023-01-17 07:00:00,0.5491919171506505,66.61142315123946,28.14097827961518,1419.7175556049158,0
2023-01-17 08:00:00,0.36797667929793576,80.06693623763312,27.00694148981984,1492.6027136405621,0
2023-01-17 09:00:00,0.6831458765854354,70.68267665541369,28.699952131186205,1492.433439567417,0
2023-01-17 10:00:00,0.6179440120721287,68.17339224343945,29.83312406041928,1697.2542176789807,0
2023-01-17 11:00:00,0.45308243478952953,70.92340152932454,27.10070956060294,1361.4012057601003,0
2023-01-17 12:00:00,0.3286865470909123,63.26436855235152,28.156280373749375,1550.5589241835874,0
2023-01-17 13:00:00,0.6353872374165412,65.14192980744674,27.992085255837004,1648.911310832829,0
2023-01-17 14:00:00,0.4885460154747382,76.00206953972213,30.414534658797887,1727.1449745422797,0
2023-01-17 15:00:00,0.6237816311973462,66.71552860514302,30.1386886740725,1459.5602576816038,0
2023-01-17 16:00:00,0.34055723412056327,64.7654450865903,28.556524893325495,1549.14294527202,0
2023-01-17 17:00:00,0.4400624977046227,72.68326376263643,30.353641744278796,1556.9760357198647,0
2023-01-17 18:00:00,0.5005243699718183,75.92852077331499,28.90663983082547,1519.548173155329,0
2023-01-17 19:00:00,0.5046980593764742,73.59476655332533,29.456689779347894,1490.1154798760695,0
2023-01-17 20:00:00,0.45499345285207565,74.98023842902909,33.34690418059707,1543.5975389500045,0
2023-01-17 21:00:00,0.5622849932347499,66.21602455715269,32.6809221035807,1246.7753914780315,0
2023-01-17 22:00:00,0.3932379570617406,62.89094666629078,27.400837526144805,1568.2069490062631,0
2023-01-17 23:00:00,0.48576205149787066,77.50666825977743,31.65946483575835,1512.6177903661967,0
2023-01-18 00:00:00,0.5120295631711899,68.38660080578933,31.622793108983185,1477.7525103221735,0
2023-01-18 01:00:00,0.5514438834058749,68.74583491772476,27.703473422494763,1704.6862195719557,0
2023-01-18 02:00:00,0.571161487808889,76.6409707092453,31.63755528750972,1432.5065981209448,0
2023-01-18 03:00:00,0.3875357908162131,72.7811500470033,33.07586383682511,1459.692401093497,0
2023-01-18 04:00:00,0.3465885829264378,72.27943886040804,27.754910387511174,1699.1553302204734,0
2023-01-18 05:00:00,0.6277676821898509,80.82501172450542,28.164994357971473,1416.7938695150144,1
2023-01-18 06:00:00,0.5332314011979592,66.78240884809928,32.035322933687006,1444.9884717063462,0
2023-01-18 07:00:00,0.42515134634434465,74.63920064040619,30.542990621651295,1485.297457656915,0
2023-01-18 08:00:00,0.6551151975522523,70.28506562448543,31.102952550479046,1584.0734482129549,0
2023-01-18 09:00:00,0.5115674634292858,71.34296139431629,30.681178432800994,1520.7802507353313,0
2023-01-18 10:00:00,0.6179297184063827,77.64234213206265,30.781391841856287,1370.7374652847739,0
2023-01-18 11:00:00,0.5067518481410109,72.53917878144811,27.347055743377833,1446.7831436872812,0
2023-01-18 12:00:00,0.7060747924881987,72.69148039524816,32.0946354132429,1439.264556678779,0
2023-01-18 13:00:00,0.6755340842443205,75.362536686549,32.33917998485555,1492.2778954776954,0
2023-01-18 14:00:00,0.47510358515209267,68.17523635228558,29.541218511863946,1542.5843658629828,0
2023-01-18 15:00:00,0.5971570950954356,65.80395166330497,29.913046100372274,1541.8205755887973,0
2023-01-18 16:00:00,0.5645375949585147,64.77595402989483,26.937784994888556,1322.3988245951598,0
2023-01-18 17:00:00,0.6368631557532349,60.16821705311999,31.02850951203567,1606.3940987560857,0
2023-01-18 18:00:00,0.40350765394198956,80.28103564970161,31.144114883428287,1525.2568845996623,0
2023-01-18 19:00:00,0.5686051459998439,64.48395817139158,29.87561796600138,1638.4532047593907,0
2023-01-18 20:00:00,0.6058424486849587,68.89373188207114,32.24870671974101,1544.4198327290671,0
2023-01-18 21:00:00,0.32412605135768857,68.6159335005554,29.33184553804012,1610.1322957735763,0
2023-01-18 22:00:00,0.3816741487334225,71.5370334890455,31.1292118517872,1546.6545311450127,0
2023-01-18 23:00:00,0.2960767822239899,74.07868606269648,27.96067132261577,1634.6225756202748,0
2023-01-19 00:00:00,0.47305931655554423,74.30236744179872,29.952895698251524,1552.225063601778,0
2023-01-19 01:00:00,0.5717542255795962,67.08461280715531,29.651291484194328,1490.2084753557097,0
2023-01-19 02:00:00,0.6502357052096028,69.16439143106794,30.450615844081884,1727.2434720446881,0
2023-01-19 03:00:00,0.5074094780419776,71.4128997524415,29.26094614233328,1588.9037122279892,0
2023-01-19 04:00:00,0.6628615545571293,68.75654436908226,29.737054808656666,1557.3744421004412,0
2023-01-19 05:00:00,0.3619898541785108,78.03672788009996,31.65209434288301,1372.3695583461663,0
2023-01-19 06:00:00,0.32966175606448456,72.45487475819125,29.126471525523566,1371.1692382536462,0
2023-01-19 07:00:00,0.49444523011033814,73.67438893024908,26.78684579852264,1529.2715482141853,0
2023-01-19 08:00:00,0.5384065448939307,73.31440634333707,33.49916780841084,1514.5521197768242,0
2023-01-19 09:00:00,0.4967305251905907,75.86736928742663,32.76290815738097,1438.5877434991685,0
2023-01-19 10:00:00,0.2932557899960123,70.90510779351854,27.415474609788763,1514.098269961206,0
2023-01-19 11:00:00,0.49108799604872116,63.51584026022077,31.37941561049039,1658.8626928043595,0
2023-01-19 12:00:00,0.36955304994951466,71.99843975876321,28.994050458897313,1569.5402474550299,0
2023-01-19 13:00:00,0.5669672548830038,66.74321553104086,30.52697443066212,1385.8991490247263,0
2023-01-19 14:00:00,0.5366598246096849,67.35691659125122,30.588448258026986,1488.8491172857057,0
2023-01-19 15:00:00,0.40601202136726444,72.93182009377547,29.531184399367355,1419.503351914744,0
2023-01-19 16:00:00,0.4486133082663306,76.19141535716818,28.432468668827205,1461.230008359144,0
2023-01-19 17:00:00,0.39407864781110485,70.1063578836803,28.61891789536748,1458.6384334370357,0
2023-01-19 18:00:00,0.49373209027268283,71.54416506299482,28.167616169037515,1452.2354417395995,0
2023-01-19 19:00:00,0.5955142320501239,78.5110747231762,28.33635558353911,1374.4864628026605,0
2023-01-19 20:00:00,0.4014273953664456,71.20376589744284,29.86564341990129,1487.234531848181,0
2023-01-19 21:00:00,0.5504046515517844,83.00841557090197,28.568480021778498,1443.939236315269,0
2023-01-19 22:00:00,0.44697423816275594,72.82754822815772,31.36410413142524,1207.0551309997732,0
2023-01-19 23:00:00,0.4207127167737656,61.19618620422091,32.974492310671856,1705.2972024501662,0
2023-01-20 00:00:00,0.4892969640045442,73.76670810552267,28.839893517259913,1608.8769654216671,0
2023-01-20 01:00:00,0.3964757677580626,71.90579192441389,30.478809001070754,1462.3699275075005,0
2023-01-20 02:00:00,0.4446350694652818,76.44876377041373,30.99937022060587,1501.8819049740598,0
2023-01-20 03:00:00,0.38021221074111516,73.36590675634979,30.94400454183855,1382.8345652682438,0
2023-01-20 04:00:00,0.696472513291639,69.30772008008113,30.151910535832176,1669.5722877810865,0
2023-01-20 05:00:00,0.5035263551971728,63.87850881855317,31.485364836719445,1689.728869477311,0
2023-01-20 06:00:00,0.43002744920074143,68.95488371356987,30.964497905361313,1515.6693728246526,0
2023-01-20 07:00:00,0.5213979910734222,65.7473977289535,27.524675155345406,1602.3530644185344,0
2023-01-20 08:00:00,0.48876719503091703,67.09738275097638,31.738312128778546,1517.5286778933923,0
2023-01-20 09:00:00,0.4779030400466777,72.94289202210305,31.774581674533483,1366.327456112407,0
2023-01-20 10:00:00,0.5614166700043425,78.34952252175702,28.473427791642838,1458.8176631036342,0
2023-01-20 11:00:00,0.5757507710047305,71.9733576491149,30.075875670895204,1513.1927966771957,0
2023-01-20 12:00:00,0.44694988523894724,64.02058468982408,31.36665798562214,1454.5452281256555,0
2023-01-20 13:00:00,0.442418175935532,72.22301334110071,29.58137236084128,1478.1346722564963,0
2023-01-20 14:00:00,0.4724948302848356,75.98315743322826,32.14595609553202,1490.8600442490886,0
2023-01-20 15:00:00,0.26980788352644147,66.95108547840309,34.72774498923872,1491.912150213454,0
2023-01-20 16:00:00,0.3484808937801448,69.3299141666354,28.428027934730036,1505.2258490497484,0
2023-01-20 17:00:00,0.6366874267444524,70.07344097364599,27.23791079369245,1393.9394933603398,0
2023-01-20 18:00:00,0.6644967713501284,66.0755084345888,30.60763719120975,1428.2983850872065,0
2023-01-20 19:00:00,0.47509639604436216,73.2414021692193,31.443125010252288,1371.5415734300032,0
2023-01-20 20:00:00,0.5576556963055767,69.3952592569611,29.53826725231046,1597.78155496862,0
2023-01-20 21:00:00,0.5311250154543536,72.09766221953514,32.90652132664207,1289.4353058159675,0
2023-01-20 22:00:00,0.8078880808455238,65.5625391109895,27.322788400553502,1615.3590343316926,0
2023-01-20 23:00:00,0.6119574911434577,67.81270849838295,31.385837246063222,1638.6349397262843,0
2023-01-21 00:00:00,0.4872082408519233,73.61190678913886,28.788278358482213,1469.7819413017378,0
2023-01-21 01:00:00,0.4044459559399574,68.13583423954117,33.43875581241459,1239.68629121727,0
2023-01-21 02:00:00,0.3393553679742427,78.63481925616702,33.98503070633624,1463.868943803271,0
2023-01-21 03:00:00,0.5203463635867223,68.00181907192699,28.466686824433303,1493.581583871118,0
2023-01-21 04:00:00,0.4243649254715697,71.12342362875943,28.90088572818284,1398.9401780071087,0
2023-01-21 05:00:00,0.3577746290402326,74.66295415936546,31.719175773959606,1448.4781606191757,0
2023-01-21 06:00:00,0.43534271157574733,62.90817133533484,29.22573870042097,1653.019519886335,0
2023-01-21 07:00:00,0.3918451996385605,61.19595594009612,29.909177564135522,1566.4927162301742,0
2023-01-21 08:00:00,0.6687141635072564,62.371718427149524,30.05077684108482,1407.54358856219,0
2023-01-21 09:00:00,0.588163975694945,76.31292051713591,26.160653687604686,1340.2400830404567,1
2023-01-21 10:00:00,0.49920273586833824,67.24070927053776,29.972324507811525,1467.298268239023,0
2023-01-21 11:00:00,0.6479944138890026,82.79099642834126,28.620544451871652,1478.6543220649562,0
2023-01-21 12:00:00,0.5077368307647618,67.17876200671306,29.013754355200454,1549.6199187363316,0
2023-01-21 13:00:00,0.4138715798671736,70.92275651598518,32.88726400693763,1446.468328743234,0
2023-01-21 14:00:00,0.6523124077269657,77.71054976283938,27.486986211441486,1551.149957536186,0
2023-01-21 15:00:00,0.5538910043684658,80.03046444079561,31.626410373495954,1693.515404006023,0
2023-01-21 16:00:00,0.39627538456735434,80.30751788318199,29.442074139336384,1581.5501022444262,0
2023-01-21 17:00:00,0.4809661321916392,76.04183115296571,29.440479663008333,1495.1911492669228,1
2023-01-21 18:00:00,0.41243817466152427,75.12031262905731,31.580743792103423,1481.6849528946705,1
2023-01-21 19:00:00,0.3617200269035664,72.96263474600592,30.680102589137782,1464.332686582013,0
2023-01-21 20:00:00,0.5926177547531641,73.89180538083319,31.14122599443906,1618.0640912452145,0
2023-01-21 21:00:00,0.6909416640470131,67.24407141835734,31.936369321065722,1437.2686554048696,0
2023-01-21 22:00:00,0.36014324261808583,65.90900558288847,29.337383233633354,1504.5222708999981,0
2023-01-21 23:00:00,0.5562969236690571,69.98312771294523,28.7755265309845,1505.1197901881085,0
2023-01-22 00:00:00,0.4349357430878173,69.14907688737536,27.829698946884402,1449.8215807188467,0
2023-01-22 01:00:00,0.4512874616235304,67.73385975336362,28.34917894004209,1362.75344521159,1
2023-01-22 02:00:00,0.4407606075761131,73.48193723728357,35.89818885061745,1532.2974503617668,0
2023-01-22 03:00:00,0.4136009230320184,74.77652604285255,32.48935916147357,1493.8996028144616,0
2023-01-22 04:00:00,0.5048521627944828,70.44203443145923,27.297851267583958,1550.024046943657,0
2023-01-22 05:00:00,0.4169049883588962,77.3876504052763,27.35508408651286,1446.6399693560834,0
2023-01-22 06:00:00,0.5270456825779839,64.29155442933248,30.963732123436984,1622.0821298813048,0
2023-01-22 07:00:00,0.4949761890550863,69.03170270360141,31.094529594755933,1412.3226218788154,0
2023-01-22 08:00:00,0.47610519531335904,66.41588839698598,31.097767670634727,1671.2040284017892,0
2023-01-22 09:00:00,0.4092436337958402,60.667316914634696,29.490088412892604,1325.2363490171738,0
2023-01-22 10:00:00,0.4423228669431667,69.5865965707865,29.7490914799942,1543.4770064556892,0
2023-01-22 11:00:00,0.5755391225825757,69.39126245808359,30.655759048318714,1547.5430682526624,0
2023-01-22 12:00:00,0.5500917187624381,77.56724871621066,30.17178601258666,1420.4442932059117,0
2023-01-22 13:00:00,0.40224447552014486,73.15405842277389,25.56139925450493,1542.4393937861012,0
2023-01-22 14:00:00,0.5099332305429226,64.87906587835397,29.540400738849613,1627.951866976016,0
2023-01-22 15:00:00,0.575138712337179,79.27046283167094,28.297187131479372,1278.3181160645936,0
2023-01-22 16:00:00,0.3330594718878628,76.10516847762676,30.350422837817025,1550.2744807490815,0
2023-01-22 17:00:00,0.5543360192379935,72.91048851734308,35.97051800520682,1250.6729179669924,1
2023-01-22 18:00:00,0.43373762410541533,68.86757950575084,30.73496333094861,1403.433519647679,0
2023-01-22 19:00:00,0.557059866859316,65.2028038163826,29.372940627655204,1662.9166364900946,0
2023-01-22 20:00:00,0.4236740843457483,68.13896611964473,31.843603003954506,1441.8217966607947,0
2023-01-22 21:00:00,0.3195117899335481,75.44374309852093,30.965375774418426,1382.6120035591027,0
2023-01-22 22:00:00,0.33724575621168373,79.42293152967305,30.840188980903683,1480.2062271015318,0
2023-01-22 23:00:00,0.5048084946661382,77.71621764136094,31.213701186431344,1706.7906338163552,0
2023-01-23 00:00:00,0.5259722501721482,67.55575289106864,34.113087129659085,1316.8317752793973,0
2023-01-23 01:00:00,0.4095683374895591,64.40191283355495,27.738223129348167,1394.8690088360656,0
2023-01-23 02:00:00,0.5638592458777374,70.70443123455603,30.94726415362291,1649.7431683179627,0
2023-01-23 03:00:00,0.33384799377310403,61.157803172185744,28.147237740036925,1685.7702343537733,0
2023-01-23 04:00:00,0.49339202013526834,71.61583857092391,31.111025292684495,1489.6568775709716,0
2023-01-23 05:00:00,0.3788983800237543,69.26198706850666,28.162626977027813,1376.0947297473358,0
2023-01-23 06:00:00,0.43481638921978405,67.66981749065879,29.16526637278983,1709.5843501809159,0
2023-01-23 07:00:00,0.5047398671316414,62.026484663666025,29.40982017152419,1659.4442391749196,0
2023-01-23 08:00:00,0.41395866347160476,72.56800053284859,31.951633438689417,1567.8946987762233,0
2023-01-23 09:00:00,0.46154444557701746,67.33649580169045,31.836908887884828,1418.759765106258,0
2023-01-23 10:00:00,0.6006292809214441,64.15041582144856,27.50856524710723,1495.0970659161962,0
2023-01-23 11:00:00,0.4423108130476851,55.63868893359175,30.109868221999697,1483.963991895517,0
2023-01-23 12:00:00,0.5835692112065142,69.86242547474681,28.580840290501655,1533.0851304615578,0
2023-01-23 13:00:00,0.38702931453423817,78.86125798334872,27.48299017864933,1645.1001438131336,0
2023-01-23 14:00:00,0.5529804177915283,78.30629607273934,29.56596589915126,1587.9417041137403,0
2023-01-23 15:00:00,0.64415686206579,67.71451871706864,29.38303442308836,1392.2623923015242,0
2023-01-23 16:00:00,0.2528355499872711,66.9889396981911,34.853432972691046,1637.6496450019538,0
2023-01-23 17:00:00,0.42031047445295233,72.34387128037511,30.86591965072139,1531.3132140013156,0
2023-01-23 18:00:00,0.557707212718054,65.00807280405854,27.244764998491526,1568.7065795858916,0
2023-01-23 19:00:00,0.47969546139570074,71.50895949909733,28.870451991658115,1646.6540859278603,0
2023-01-23 20:00:00,0.5371145873371309,73.83040139192344,32.0427665908588,1388.8419750486448,0
2023-01-23 21:00:00,0.4396014813284179,76.13466611942154,34.17688554573985,1496.4174421293537,0
2023-01-23 22:00:00,0.5086589787472899,69.49922961760024,26.828033375524083,1446.8545448640784,0
2023-01-23 23:00:00,0.48443227646079207,68.98163124911517,26.24015122972191,1343.2140574634545,0
2023-01-24 00:00:00,0.6167782061659808,65.61008706621719,33.741930350743566,1534.670997760492,0
2023-01-24 01:00:00,0.5254420843301213,65.8655982298007,30.779228354741807,1751.1556551584424,0
2023-01-24 02:00:00,0.5337602662075203,68.86760554049236,28.263414536247268,1315.9922255494248,0
2023-01-24 03:00:00,0.45881230338775325,71.8368275340809,31.069258172244872,1496.771938895053,0
2023-01-24 04:00:00,0.4512393775927506,74.56792313116625,24.728504521966244,1564.0542935074773,0
2023-01-24 05:00:00,0.4567441812180379,65.98410524659828,30.00675101319432,1512.307820165618,0
2023-01-24 06:00:00,0.5394452142378297,77.46344284479761,30.65564234568617,1488.687194748426,0
2023-01-24 07:00:00,0.4579015519179737,68.64438199478715,31.84854027907566,1370.0783636554177,0
2023-01-24 08:00:00,0.5289774856896413,69.89316352825782,27.972208095414924,1523.2786742940164,0
2023-01-24 09:00:00,0.7075400798645439,66.26394160426088,30.171374322806717,1424.3236022984074,0
2023-01-24 10:00:00,0.5871124703431693,57.87879869863529,28.149150747880824,1281.0078295021447,0
2023-01-24 11:00:00,0.4673976467832159,74.42022698180524,30.510767511348636,1619.459222051373,0
2023-01-24 12:00:00,0.6201213922163945,73.68421948546217,28.209307355273953,1595.8385819842042,0
2023-01-24 13:00:00,0.45919246269784486,68.59336221440893,29.183798321679557,1505.166097685108,0
2023-01-24 14:00:00,0.29618754648221457,70.33495358612436,28.00836921041954,1522.9074688205703,0
2023-01-24 15:00:00,0.39919136890825957,72.57969608852049,31.302272483647315,1607.4318012715562,0
2023-01-24 16:00:00,0.3129208078974144,62.18727071556729,31.71690223331333,1522.4339656778084,0
2023-01-24 17:00:00,0.46484865159586913,67.35473661326853,29.53075886008517,1590.4017554761315,0
2023-01-24 18:00:00,0.5018418379189552,73.97132339810913,30.076475989920056,1470.251779912615,0
2023-01-24 19:00:00,0.6676437312275283,63.72855288415376,27.102817170732912,1631.1983738573947,0
2023-01-24 20:00:00,0.5326927373764163,71.46778966083315,29.400646703986425,1532.0785725932683,0
2023-01-24 21:00:00,0.47808994711911357,63.21709097688297,29.89959076591651,1519.4051943605873,0
2023-01-24 22:00:00,0.5829405581183489,72.33214991216764,35.24158618205995,1372.9938911287968,0
2023-01-24 23:00:00,0.27888646909921144,69.82179258851258,27.776065948451674,1528.695585430171,0
2023-01-25 00:00:00,0.5235614558108566,61.92434092047245,32.928354477504875,1416.8045082505548,0
2023-01-25 01:00:00,0.5770865193886967,75.82369677228586,31.993717546931617,1436.1717273471506,0
2023-01-25 02:00:00,0.35214137542201585,66.32704211600975,30.561272808980274,1418.4624371683879,0
2023-01-25 03:00:00,0.6143754043206929,65.9487378149281,33.51724096839027,1393.3765068100774,0
2023-01-25 04:00:00,0.5338496407494414,71.00284598615471,30.744210945213727,1712.4771403016962,0
2023-01-25 05:00:00,0.45847120860991986,75.74318674714358,30.77831839133586,1633.1339061988404,0
2023-01-25 06:00:00,0.5632781866106285,64.92089090510801,29.89375869396491,1692.036750214426,0
2023-01-25 07:00:00,0.7270692857804396,70.30839924923986,32.44713776483726,1377.7104980444435,0
2023-01-25 08:00:00,0.5181866255058495,72.14408250165286,32.192938467621765,1507.1253749910893,0
2023-01-25 09:00:00,0.5248220586300336,73.46552803631572,28.748645425007574,1370.6492374795905,0
2023-01-25 10:00:00,0.45406391004597557,70.88220777638612,27.361505610802464,1430.4305122802937,1
2023-01-25 11:00:00,0.41501556305352083,68.16486080458338,29.594038725208687,1408.1873016583424,0
2023-01-25 12:00:00,0.5830335816544245,65.8620488967564,28.39992287120471,1623.9584006441562,0
2023-01-25 13:00:00,0.4143916174091133,70.43071941523188,29.87295085076929,1460.377032189824,0
2023-01-25 14:00:00,0.5071566237219393,64.63930494007197,32.47487626936828,1606.8379333694015,0
2023-01-25 15:00:00,0.4522342553234883,55.39324758252697,29.08539668982642,1560.4120889588519,0
2023-01-25 16:00:00,0.5478979825746392,72.18279902078834,29.91435323737685,1730.363875210479,0
2023-01-25 17:00:00,0.5333662105286948,74.51967420543097,30.11604546961679,1352.0555776860276,0
2023-01-25 18:00:00,0.6037539944257899,58.185337822290805,31.69686176441057,1625.92332397868,0
2023-01-25 19:00:00,0.4489983601145253,64.95134647645031,25.50622133203079,1614.6440870400727,0
2023-01-25 20:00:00,0.4730125064706629,73.09577130502599,28.786599410469407,1402.6621161972967,0
2023-01-25 21:00:00,0.40212362842176924,80.2874773485585,30.422567384558945,1600.713333647316,0
2023-01-25 22:00:00,0.4555706739923888,70.10396853837705,32.40015791285372,1533.614496302623,0
2023-01-25 23:00:00,0.5377300493044852,66.35998529385432,29.016195104987588,1477.2523740046593,0
2023-01-26 00:00:00,0.5756988616645352,69.0855177944758,26.246894587916252,1417.6064513028,0
2023-01-26 01:00:00,0.40778346758223744,76.87438209574093,31.23942289193227,1428.0890548550815,0
2023-01-26 02:00:00,0.586960592010566,66.77017910437732,28.72927522234874,1704.9812095785926,1
2023-01-26 03:00:00,0.6355637858804951,66.00403996674873,27.620666681819277,1500.0682818957482,0
2023-01-26 04:00:00,0.5413434903223701,67.58628238908983,28.751309220573553,1578.213000153146,0
2023-01-26 05:00:00,0.6876795812558066,65.23335695870644,29.630949284688302,1420.9100618332448,0
2023-01-26 06:00:00,0.4226210800896427,70.61335157997398,28.790510670923574,1422.0147053778362,0
2023-01-26 07:00:00,0.3755345296688583,78.1233922923478,25.58886788580186,1608.1984809249943,0
2023-01-26 08:00:00,0.32212797510957214,71.61539636558014,31.794132393774266,1365.0423788448468,0
2023-01-26 09:00:00,0.6496044311489183,68.73823248936856,32.549750082557445,1458.4786232094727,0
2023-01-26 10:00:00,0.5654365656354058,68.54094365542228,31.30304398267901,1503.4027411072232,0
2023-01-26 11:00:00,0.4944415329089545,62.18404595651671,27.724628659150365,1511.1372601840053,0
2023-01-26 12:00:00,0.527996862631982,74.4155488857358,29.597016932104964,1482.0906714983844,0
2023-01-26 13:00:00,0.38745109527016236,69.610814014936,29.986957369541084,1539.5819781095922,0
2023-01-26 14:00:00,0.7445751979616826,69.09760043204687,31.19758877912382,1569.2855755817811,0
2023-01-26 15:00:00,0.5129221181975228,85.96553783922431,31.33668097743616,1573.463754545933,0
2023-01-26 16:00:00,0.5109394794604893,71.49376454182843,28.531652402443008,1401.4196191332173,0
2023-01-26 17:00:00,0.5725766623898692,66.24104474952408,30.16399111282712,1471.5844902071203,0
2023-01-26 18:00:00,0.5481009231736713,67.86821201897229,30.914560809230483,1619.4762861876939,0
2023-01-26 19:00:00,0.5223884024279132,75.74222854598378,32.91164464429353,1589.4647187573873,0
2023-01-26 20:00:00,0.4209525544554688,70.56635205268883,31.409013079649448,1362.7140548518937,0
2023-01-26 21:00:00,0.5471468357135996,62.80861010841316,31.578113374751037,1535.1479900352201,0
2023-01-26 22:00:00,0.6882024496475034,74.59614467287602,30.16765325585872,1302.177475062519,0
2023-01-26 23:00:00,0.6345420046154978,66.65927957230502,32.82091829040701,1504.693490206037,0
2023-01-27 00:00:00,0.6593186626639397,79.36648888108773,30.819525591918996,1689.7767016745977,0
2023-01-27 01:00:00,0.44887843235688146,75.40024032857325,28.27782417965286,1405.2107282731013,0
2023-01-27 02:00:00,0.4010395179741419,67.76339052170624,32.80673994025038,1416.5676954508417,1
2023-01-27 03:00:00,0.4874213079900352,76.40508180867556,31.395806545078056,1576.402978157286,0
2023-01-27 04:00:00,0.5055724912288695,70.33927755263701,29.113911957743035,1345.7198484790354,0
2023-01-27 05:00:00,0.6094191518470948,74.2638683756111,29.041014065201512,1436.7244970114962,0
2023-01-27 06:00:00,0.33075353702851806,72.42366408647237,30.593151090281523,1559.6441137581753,0
2023-01-27 07:00:00,0.6529550319460614,65.76821672504563,30.92636959053517,1436.5714152310597,0
2023-01-27 08:00:00,0.48419921014210104,66.7822508384127,30.394584531262414,1476.4030012789028,0
2023-01-27 09:00:00,0.457311893005258,75.1498040879058,30.622617346885768,1574.4185710315035,0
2023-01-27 10:00:00,0.39878956247398323,68.3261233394673,33.399914749152764,1542.1546083536562,0
2023-01-27 11:00:00,0.334514332813423,67.98175768379002,32.14308630446977,1526.6818396295403,0
2023-01-27 12:00:00,0.5823170583961914,65.22438710325324,30.38127118253005,1466.0877720729961,0
2023-01-27 13:00:00,0.5073317967188404,72.11799532796731,31.882621161534967,1537.0061115268954,0
2023-01-27 14:00:00,0.3710039100258946,80.31262459621573,27.93495219294492,1487.6267319900244,0
2023-01-27 15:00:00,0.3704921227936384,64.66233542872864,30.795854099893617,1545.7805609925786,1
2023-01-27 16:00:00,0.4664215300709872,70.1210972833638,33.61861269946622,1450.3067974882022,0
2023-01-27 17:00:00,0.6669021525289394,77.06110277707714,29.563908209215253,1481.7431025620458,0
2023-01-27 18:00:00,0.4740408648636395,69.60179304377142,28.30473214276183,1401.0042207447987,0
2023-01-27 19:00:00,0.3496857046881894,72.26185898124866,28.695822222813877,1496.4992389993763,0
2023-01-27 20:00:00,0.4754256935914056,64.6880323592656,27.820733925315224,1418.8999136371156,0
2023-01-27 21:00:00,0.47272764302523296,72.14153548603824,28.43047618374459,1388.5953549838007,0
2023-01-27 22:00:00,0.23031133570584283,69.06427867497726,29.25898380281994,1525.866114785539,0
2023-01-27 23:00:00,0.4945705133482188,74.92864997839932,27.188865961642716,1521.273977585766,0
2023-01-28 00:00:00,0.4769065469791322,75.93693025782376,30.031236667899208,1578.2873734948573,0
2023-01-28 01:00:00,0.5696206364813419,82.94781821009308,31.804554347573294,1456.88744304249,0
2023-01-28 02:00:00,0.6848956094945345,72.89816586606788,28.18448763970616,1540.8052846836756,0
2023-01-28 03:00:00,0.6126565029547757,71.62898158291084,33.03856784728354,1555.0797572273664,0
2023-01-28 04:00:00,0.47311113094451696,70.97192150788668,31.02158417705519,1544.4773807831596,0
2023-01-28 05:00:00,0.389347409125833,68.23416853594655,32.061161171248116,1417.4346317197858,0
2023-01-28 06:00:00,0.7573359803249861,71.69241921730845,28.684330892295726,1514.936348227119,0
2023-01-28 07:00:00,0.5059218434014489,68.52299294930485,31.70905045413323,1536.414029605466,0
2023-01-28 08:00:00,0.5013929291912946,70.84230488134807,27.816132199209374,1500.7178466907942,0
2023-01-28 09:00:00,0.49758749128899965,76.5879876780398,31.780495001673017,1291.3522341628916,0
2023-01-28 10:00:00,0.5198084760767855,64.96728717360179,30.34367867958706,1516.048962397348,0
2023-01-28 11:00:00,0.4855639588076058,75.69939280564523,31.106502439969567,1721.2531039397243,0
2023-01-28 12:00:00,0.4426337993119764,76.58557533669932,27.648810788750296,1463.9960731243018,0
2023-01-28 13:00:00,0.44531410587596076,69.40965736504461,28.20986031544679,1427.192290214468,0
2023-01-28 14:00:00,0.4967246729784002,59.390725504957025,31.19445643650677,1537.3348559711399,0
2023-01-28 15:00:00,0.4456575228866235,66.96089006452783,28.1033039915516,1531.2378210466572,0
2023-01-28 16:00:00,0.42871542173228355,76.48497273280555,30.926412584198246,1619.2735165416414,0
2023-01-28 17:00:00,0.5106430227691897,69.88565968850558,27.26572438707951,1374.2131844091111,0
2023-01-28 18:00:00,0.47450227825791447,65.00348883852544,31.696348425333337,1573.1380252574993,0
2023-01-28 19:00:00,0.6503992988582689,67.47612539385891,27.534953370462983,1559.0422061251463,0
2023-01-28 20:00:00,0.23490301916069878,74.20310013252276,31.104599875359046,1485.7853463059455,0
2023-01-28 21:00:00,0.6091506851922461,72.73366784100689,31.251261867292,1533.868731792169,0
2023-01-28 22:00:00,0.6246085192497629,68.80533950415153,28.60645636314085,1602.9457481598358,0
2023-01-28 23:00:00,0.292660976759185,68.16587794092656,31.164053134169453,1587.2315380028451,1
2023-01-29 00:00:00,0.46573124059196513,68.0412092547809,30.52088452666711,1385.698068792627,0
2023-01-29 01:00:00,0.46285591340042087,65.38794907750749,28.922316287614525,1582.0158186755484,0
2023-01-29 02:00:00,0.3592488305282179,78.07687844734721,27.982890631847585,1493.5311394967482,0
2023-01-29 03:00:00,0.42221833124091246,68.3883976539433,26.07474861665484,1507.2874098015516,1
2023-01-29 04:00:00,0.3889424154534171,76.08579260412748,30.699300094599387,1507.3196991001694,1
2023-01-29 05:00:00,0.6752270443423622,77.60658025961226,26.87039445727589,1484.975701120174,0
2023-01-29 06:00:00,0.5935678393147461,74.9915544907398,30.190688398882617,1619.1707497107066,0
2023-01-29 07:00:00,0.6271555094994159,67.84189843640976,29.4731035678355,1491.6282040150788,0
2023-01-29 08:00:00,0.5721672064043235,72.01865045168304,31.358285550876392,1388.045387161683,0
2023-01-29 09:00:00,0.38709482287827707,69.87902196804542,29.39590900102027,1460.647014403027,0
2023-01-29 10:00:00,0.4475479733720226,65.48149069634935,29.34110442730582,1517.8694716810476,0
2023-01-29 11:00:00,0.5489374561227918,71.62179640860802,31.463741408576592,1622.921478429705,0
2023-01-29 12:00:00,0.3777872191108055,64.10480104420098,30.670116058168237,1560.3094684948833,0
2023-01-29 13:00:00,0.5712998430172388,75.93839694230782,30.632311914365555,1414.9464721252957,0
2023-01-29 14:00:00,0.4759674601841865,67.67691351350804,30.938535179617052,1748.5189916678892,0
2023-01-29 15:00:00,0.46251791924504027,71.0057982793642,26.92885575358579,1526.477531097798,0
2023-01-29 16:00:00,0.5710959968203492,71.41643935773071,31.513577359973965,1627.5390737999014,0
2023-01-29 17:00:00,0.544426331148604,68.70547513147962,31.224937588027206,1484.8285566422771,0
2023-01-29 18:00:00,0.463903383418092,72.93346900737637,27.966633742847005,1553.335924470545,0
2023-01-29 19:00:00,0.6159329803364249,67.62548171688738,29.5118390526516,1583.9468504518404,0
2023-01-29 20:00:00,0.3918936672400103,74.35648648728622,29.921385424744738,1621.8194711754256,0
2023-01-29 21:00:00,0.5615935606944263,63.27010159876626,29.731006431196533,1605.7368305378225,0
2023-01-29 22:00:00,0.5593101257968384,70.63189789773206,30.667719933137068,1587.219700007298,0
2023-01-29 23:00:00,0.469045356068601,79.69464499529143,32.86273356366237,1468.4913268805892,0
2023-01-30 00:00:00,0.5326133022242118,64.99834337697213,32.16353345534566,1442.8253958043938,0
2023-01-30 01:00:00,0.3748886423614697,66.61127514737575,27.375561613137187,1533.2607510324196,0
2023-01-30 02:00:00,0.5924027019206901,72.56953924829457,31.244139980612097,1593.312807234107,0
2023-01-30 03:00:00,0.4815097863557011,70.89790890969799,32.65786663907082,1477.7279299223394,0
2023-01-30 04:00:00,0.447727697948096,71.7531504963678,30.773617041378404,1606.5171965714387,0
2023-01-30 05:00:00,0.604900922583689,72.44593565073832,32.18196085037194,1645.261674548618,0
2023-01-30 06:00:00,0.4295656309457241,73.17360734280885,34.02454089140153,1408.3679080926581,0
2023-01-30 07:00:00,0.359153870363644,75.54849920978111,32.047419092213964,1416.307929620372,0
2023-01-30 08:00:00,0.34433708264760965,72.04909328464257,30.498617191283458,1485.9624941094664,0
2023-01-30 09:00:00,0.560600995134564,68.79371172690729,32.09017694816951,1530.7612668189197,0
2023-01-30 10:00:00,0.3719570647503717,73.36286850601365,30.289775666193783,1447.543298623295,0
2023-01-30 11:00:00,0.6754794181984365,79.49940967447608,30.04780608656991,1635.2202678867145,0
2023-01-30 12:00:00,0.29180705921162775,69.33683126808714,29.297171528572534,1542.4066861518452,0
2023-01-30 13:00:00,0.6696456368290038,65.12735347664679,33.126826717664215,1503.944704824074,0
2023-01-30 14:00:00,0.5211017467202619,75.53540334643486,28.363142668115998,1356.4090476131473,0
2023-01-30 15:00:00,0.49032868881296077,69.39809418023201,33.064735449356235,1368.4184183572493,0
2023-01-30 16:00:00,0.445508091319105,59.13665226992982,30.999728247480743,1528.1009250281807,0
2023-01-30 17:00:00,0.5399136114352071,74.23710838575211,27.201387650396118,1286.7404373845163,0
2023-01-30 18:00:00,0.49623652975751514,67.32335907023038,30.735298585982843,1601.2637409644071,0
2023-01-30 19:00:00,0.6103301882016522,69.54733358847919,25.799946984696753,1484.184615562768,0
2023-01-30 20:00:00,0.511422764866204,71.65990165284508,31.251016033662072,1824.3092969594734,1
2023-01-30 21:00:00,0.5150301761461877,70.95249839889533,31.77046296597798,1730.791625061611,0
2023-01-30 22:00:00,0.4636387787786144,73.5472590856952,28.815288088695894,1481.8550930752483,0
2023-01-30 23:00:00,0.49430543762789325,67.82256814715079,30.247095391911163,1489.3662997468684,0
2023-01-31 00:00:00,0.5307801768892059,72.56552899088041,33.90831486750057,1599.5581514002029,1
2023-01-31 01:00:00,0.3289831607343374,68.70226661208041,28.988506591476128,1670.3172609918038,0
2023-01-31 02:00:00,0.3651814577894287,73.69405240443751,27.8821848258868,1336.1970942563983,0
2023-01-31 03:00:00,0.5743264094022715,73.07683742006526,32.963326804925195,1321.3624534645314,0
2023-01-31 04:00:00,0.5170865438127942,65.32280648977702,33.92517438106159,1437.796519444562,0
2023-01-31 05:00:00,0.48160166636473206,75.42991058087516,30.007391343695694,1558.2737583173864,1
2023-01-31 06:00:00,0.5018433933065393,67.32018277442975,32.02292607081671,1549.6873590507598,1
2023-01-31 07:00:00,0.5347581705361671,74.04028899140573,32.682951831061764,1606.977145498385,0
2023-01-31 08:00:00,0.4460240319690638,71.8364365670067,28.51503153492323,1380.030247163469,0
2023-01-31 09:00:00,0.4221695274597687,79.19091838397561,29.029388329264265,1268.3856137031123,0
2023-01-31 10:00:00,0.5195845255097682,68.88267008814074,32.46174902630947,1585.8014195302146,0
2023-01-31 11:00:00,0.4021627222384968,68.25341601940902,33.370028557417015,1417.1803727034765,0
2023-01-31 12:00:00,0.5408252755714472,69.90290197056133,31.12576172034871,1298.1512135611363,0
2023-01-31 13:00:00,0.32974163957621594,68.48410108582863,28.240371292995892,1514.5063745959383,0
2023-01-31 14:00:00,0.6029155637325644,73.99970950971024,33.97412222339888,1579.3175688218678,0
2023-01-31 15:00:00,0.5472597482413043,61.91844695781706,28.93805820437607,1487.7942867878724,1
2023-01-31 16:00:00,0.5256029734313876,64.73158790426822,29.329724437657095,1454.2151613817512,0
2023-01-31 17:00:00,0.5982690983945513,64.66098539210404,30.684675668979242,1484.0637767854093,0
2023-01-31 18:00:00,0.6665474444462577,74.75153795986787,33.108320841429546,1462.9417237599216,0
2023-01-31 19:00:00,0.6014370065018131,78.55306686290963,31.70795195310445,1365.1952888059832,1
2023-01-31 20:00:00,0.3159125768668355,69.47775390731265,30.82973100072382,1428.531932300957,0
2023-01-31 21:00:00,0.37204230332642985,69.15589138404995,30.926577060236212,1552.1279905013814,0
2023-01-31 22:00:00,0.4375181422304321,70.3502608155659,30.087029337286932,1532.16785413765,0
2023-01-31 23:00:00,0.5026091050210834,75.80939151304095,31.116279029037013,1516.805980596682,0
2023-02-01 00:00:00,0.5517659020469123,65.36323432904713,24.940879844611395,1400.485151814662,0
2023-02-01 01:00:00,0.42742561868465345,71.19184491367392,29.406785081860402,1481.8496837864334,0
2023-02-01 02:00:00,0.5186766764477079,74.87598814891214,30.482643869833563,1282.2934953557146,0
2023-02-01 03:00:00,0.42446170676466777,72.50547084969922,27.697971832760985,1517.847666388539,0
2023-02-01 04:00:00,0.4388482197008052,70.94790808299372,30.77264663562312,1642.8857707813568,0
2023-02-01 05:00:00,0.35933389031517776,75.00523046283571,29.591057558027757,1352.5867867957895,0
2023-02-01 06:00:00,0.40767667538890956,56.48383853500381,33.51095139663098,1441.4072326682244,0
2023-02-01 07:00:00,0.36483153943836666,73.38937659765453,33.14603945042971,1532.910677871013,0
2023-02-01 08:00:00,0.4024126747022667,66.72962158436287,29.068388861763673,1625.2842634427484,0
2023-02-01 09:00:00,0.6053641796607839,60.846835515717714,29.69832457686661,1455.177538369985,0
2023-02-01 10:00:00,0.4050601111168057,72.5560129976249,29.852104868783215,1430.7749670734104,0
2023-02-01 11:00:00,0.7632382064837391,76.86829272581478,29.096681047680754,1303.1076857583917,0
2023-02-01 12:00:00,0.549331790088089,69.31275742686154,30.390049968056253,1510.3438129308106,0
2023-02-01 13:00:00,0.5184836123694874,74.76437273601469,28.48343586222482,1704.2076040143743,0
2023-02-01 14:00:00,0.41416422198187863,78.06139128994323,27.738769330124946,1527.7358461964675,1
2023-02-01 15:00:00,0.5700309879408991,76.57457226792023,31.245422447800536,1497.7721020816286,0
2023-02-01 16:00:00,0.44243621737622263,78.19982264685697,31.25905916844362,1532.2082310766984,0
2023-02-01 17:00:00,0.5122009814645362,73.71063745535946,28.391368480680015,1498.8907996051398,0
2023-02-01 18:00:00,0.7560084538268794,70.37716819450796,31.7907108615252,1418.698562773987,0
2023-02-01 19:00:00,0.490394010027535,61.99017094051416,28.73684454166934,1582.3279915677706,0
2023-02-01 20:00:00,0.6149273326285676,68.76968755935026,30.506330476075963,1522.5761523111755,0
2023-02-01 21:00:00,0.42968235748741124,65.78376702341905,31.64068802522491,1501.7613251933658,0
2023-02-01 22:00:00,0.49650115095030384,80.85471358748907,29.932774870592574,1402.463397272175,0
2023-02-01 23:00:00,0.677080063563551,69.12057093783832,30.90948182428227,1630.350793193476,0
2023-02-02 00:00:00,0.43730329422122327,70.61602403392243,28.967140712224857,1566.4702745333109,0
2023-02-02 01:00:00,0.6812448557996928,72.75742688020233,29.607066833143804,1444.70791626327,0
2023-02-02 02:00:00,0.5707751935455475,70.21801223186228,29.58828113823932,1600.1824853681937,0
2023-02-02 03:00:00,0.44375332241057325,78.47525520215376,28.50684330691952,1450.2429161614793,0
2023-02-02 04:00:00,0.563240773905552,66.88675319132774,29.646451673768436,1421.7996507488963,0
2023-02-02 05:00:00,0.597255444962673,70.97303727618622,26.902763402272505,1424.0296882519713,0
2023-02-02 06:00:00,0.5621809962217197,66.28764707150975,29.01769250571579,1322.8931446911909,0
2023-02-02 07:00:00,0.3429775280109544,63.399887443896475,29.43024901326066,1547.1542380418205,0
2023-02-02 08:00:00,0.42728628241751315,66.94115454547358,29.48764049500924,1316.885512166165,0
2023-02-02 09:00:00,0.47524813644484953,69.81481601475794,29.51700510825844,1377.1556168734237,0
2023-02-02 10:00:00,0.49255665708999535,67.8534888774137,29.876471600279743,1292.4411990921467,0
2023-02-02 11:00:00,0.5620672097550679,66.53789510063072,30.95888303617213,1491.3930307209107,1
2023-02-02 12:00:00,0.5177701000933254,62.96841268164083,31.749034148265046,1484.967953972813,0
2023-02-02 13:00:00,0.3664655641289899,69.58447213685653,28.700469546303466,1467.3303786813635,0
2023-02-02 14:00:00,0.5380197851005963,62.47639812984499,27.59359828922171,1395.7422305329424,0
2023-02-02 15:00:00,0.5610585745283823,73.80027981844802,27.915911175513795,1382.776624656336,0
2023-02-02 16:00:00,0.555979044793104,70.41219876467251,29.025594157610147,1546.4369863546574,0
2023-02-02 17:00:00,0.6080780725554622,62.712242502675345,29.29615736436698,1444.9448068291513,0
2023-02-02 18:00:00,0.5833922154548904,68.45395461475069,28.460007867605086,1531.6358321536145,0
2023-02-02 19:00:00,0.5459180079228436,66.23921797204709,27.407766671500212,1411.4751313875777,0
2023-02-02 20:00:00,0.4929834288541353,71.5958725520959,29.087758345051622,1518.1062742771082,0
2023-02-02 21:00:00,0.33390390664840086,76.70225223011572,30.362853240227942,1630.3278037316063,0
2023-02-02 22:00:00,0.5429618219132586,60.62413765177128,31.19005893167113,1558.6165800392782,0
2023-02-02 23:00:00,0.5207687687163112,70.57513039573709,28.885153893783357,1458.758618178352,0
2023-02-03 00:00:00,0.5271578837195373,69.1993360221668,29.17400435571313,1525.7198970355928,0
2023-02-03 01:00:00,0.37232514241796905,73.35670038225233,28.14660338230538,1475.9334825469787,0
2023-02-03 02:00:00,0.3918943459591738,71.06598314118844,29.937121659250447,1500.7880184694727,0
2023-02-03 03:00:00,0.6053152853332904,66.2401533413059,28.303142731618372,1467.4388947851496,0
2023-02-03 04:00:00,0.4960444846143345,68.4047303216669,31.1462556264824,1483.566479411461,0
2023-02-03 05:00:00,0.5681500697372625,66.01987071598255,26.428267016131777,1521.2093353074176,0
2023-02-03 06:00:00,0.5028318376130461,75.38003569299299,29.280740655095077,1400.664130041805,0
2023-02-03 07:00:00,0.5029756139495746,70.10655824335971,30.602214678383483,1398.4121173010021,0
2023-02-03 08:00:00,0.5938283805975998,79.50595342876504,30.367669032645008,1361.1457446168788,0
2023-02-03 09:00:00,0.4483955271782626,69.6966959309269,35.386067327960994,1339.972889549629,0
2023-02-03 10:00:00,0.5096120776940983,66.45796616544769,30.699600049135814,1378.2717307779521,0
2023-02-03 11:00:00,0.45377247112949576,62.43142803693586,27.99189080631598,1515.946250680413,0
2023-02-03 12:00:00,0.45655037725676845,60.98430161872027,29.809071505821855,1410.7212484508116,0
2023-02-03 13:00:00,0.46908278765313605,62.07932028497255,26.447507333067097,1551.3614464231096,0
2023-02-03 14:00:00,0.5222133771633712,71.33563325505742,29.838800501406478,1503.4713748752563,0
2023-02-03 15:00:00,0.45212513783365227,72.54362511614967,28.333887885998482,1303.1495786561945,0
2023-02-03 16:00:00,0.6255756125573521,62.094046489839336,31.830780551120323,1565.497558422169,0
2023-02-03 17:00:00,0.4105392697780496,74.47519157038057,28.90091945080893,1581.079864559171,0
2023-02-03 18:00:00,0.4813128355838641,67.58469474158281,29.766468168409506,1400.6137325165146,0
2023-02-03 19:00:00,0.4560268941725825,70.73396505992774,28.728884317191195,1542.019154289499,1
2023-02-03 20:00:00,0.6446977884353733,78.06110314127713,33.47770270370666,1414.3501762590802,0
2023-02-03 21:00:00,0.5196554776511575,74.48419657932766,29.357514467764176,1509.7670376748335,0
2023-02-03 22:00:00,0.6031844539468635,68.65734676047084,33.665114086958404,1373.5501593045035,0
2023-02-03 23:00:00,0.3514439626963028,65.54403887292357,31.628303524236532,1320.6893547465424,0
2023-02-04 00:00:00,0.5267050265869259,59.24092299335348,30.964133454670772,1461.718281038703,0
2023-02-04 01:00:00,0.5889630795623437,66.4042334037879,30.73746629463504,1487.6271053725163,0
2023-02-04 02:00:00,0.5082283989275425,68.94434880586152,30.787594596432502,1460.2320306385395,0
2023-02-04 03:00:00,0.6065480375065351,65.06410236424408,26.14465484130878,1381.596944177744,0
2023-02-04 04:00:00,0.4482711549899628,69.34371516453848,29.442233211698486,1460.0100937868863,0
2023-02-04 05:00:00,0.640934744018558,70.38425941479385,31.690315942368642,1526.9294752580734,0
2023-02-04 06:00:00,0.7298898123619251,68.8757200909596,29.90220563305179,1495.5106969877463,0
2023-02-04 07:00:00,0.4637161439560341,66.7499870958827,27.18962030639285,1518.2501030599212,0
2023-02-04 08:00:00,0.4554497478599228,70.84327335983363,29.89519109884506,1432.9884799545766,0
2023-02-04 09:00:00,0.6453384477117701,72.20970324784705,33.408211032510984,1617.171791471616,0
2023-02-04 10:00:00,0.6579572145730712,64.54800461278577,32.49378343106944,1382.382666344522,1
2023-02-04 11:00:00,0.44771399728467315,77.05466189873135,29.875991981267937,1548.7560297086718,0
2023-02-04 12:00:00,0.4579813182904143,69.50705933857869,31.902898554116174,1618.189109295996,0
2023-02-04 13:00:00,0.4718215391139493,70.09424811472424,29.266985959263895,1548.0908092748896,0
2023-02-04 14:00:00,0.36555494889657225,73.54107211628279,26.592256826346564,1479.747577293517,0
2023-02-04 15:00:00,0.4081348053515802,71.1660806563175,28.15106802374089,1447.1702953337021,0
2023-02-04 16:00:00,0.3995859233247932,74.76568316956623,33.1257775370164,1603.6087651046255,0
2023-02-04 17:00:00,0.42322024348958714,71.43562082600913,29.45201383634139,1357.7025074738326,0
2023-02-04 18:00:00,0.4965315112613219,66.9378131267978,29.513232041249964,1402.9875739620356,0
2023-02-04 19:00:00,0.5234214732536521,71.8075176260305,29.40032360745024,1460.2442234508278,0
2023-02-04 20:00:00,0.6550500492814078,64.28136896339669,33.80827317914601,1623.7653757511998,0
2023-02-04 21:00:00,0.4001645959261209,70.54279852888261,33.251917830724125,1537.9767636040897,0
2023-02-04 22:00:00,0.5984322398476584,69.8338500467777,34.437560466896265,1403.1954241489755,0
2023-02-04 23:00:00,0.4786011155774491,68.9594157136373,29.681909579199896,1468.9692294615097,0
2023-02-05 00:00:00,0.4950536290347567,69.35731244280535,30.59124897749419,1438.5676855903705,0
2023-02-05 01:00:00,0.5674819492166604,60.5907547725118,26.96671490115842,1429.0211007766466,0
2023-02-05 02:00:00,0.38772779784377015,67.25637546129519,32.953868852236546,1597.888955855678,0
2023-02-05 03:00:00,0.538240974618405,70.46422450570557,27.66444089746413,1362.8256870736495,0
2023-02-05 04:00:00,0.5166452208213056,70.799281959987,30.43355112752526,1660.8780855734374,1
2023-02-05 05:00:00,0.5492451264008149,64.8616242953702,27.80539494473431,1582.8229690184623,0
2023-02-05 06:00:00,0.5289168643907818,76.3285392043235,28.822266346522607,1609.08616706037,0
2023-02-05 07:00:00,0.7455300139910894,65.66912575892749,28.3254751379006,1453.706048797474,0
2023-02-05 08:00:00,0.4362260015748684,74.84728600263368,28.784249478648363,1485.005928092089,0
2023-02-05 09:00:00,0.4469003044998182,72.13597180935842,28.921754593702044,1356.6848185475287,1
2023-02-05 10:00:00,0.43768594735752353,66.76886345078098,28.903462410149846,1447.5337592933197,0
2023-02-05 11:00:00,0.4444522880839745,78.87655446304755,31.666667823560616,1549.3654847643152,0
2023-02-05 12:00:00,0.4362612872693482,64.0318158412176,27.79027441387496,1629.6063061781397,0
2023-02-05 13:00:00,0.6189016531107552,74.59577086805001,30.441082854027734,1389.284318319755,0
2023-02-05 14:00:00,0.6420504247989856,75.0029115902149,32.435918304611114,1463.4494063014733,0
2023-02-05 15:00:00,0.4429253706250524,66.64689895461677,28.973607270973208,1484.8700779767478,0
2023-02-05 16:00:00,0.41676444268957713,76.96232650032164,28.564162218504798,1360.4210797807514,0
2023-02-05 17:00:00,0.5471415556386404,68.74976742700524,29.538950749639497,1559.13492417584,0
2023-02-05 18:00:00,0.4447776955719029,71.44346814639928,32.35945041672142,1427.600966825739,0
2023-02-05 19:00:00,0.5632931817755511,71.30160919385611,30.388215261906716,1480.4609648822975,0
2023-02-05 20:00:00,0.52029230208513,69.32845629264726,28.937571410784802,1454.8050628088122,0
2023-02-05 21:00:00,0.34842558850027683,74.05404136579891,30.967753302376078,1421.0661494280325,1
2023-02-05 22:00:00,0.6547505201330062,73.96744360276107,27.795415700327155,1499.2955014519446,0
2023-02-05 23:00:00,0.6795877673095522,61.257340133809095,31.362719020885898,1478.4390421431979,0
2023-02-06 00:00:00,0.4387211309515614,76.52170121439076,30.817214615403536,1462.8142117721334,0
2023-02-06 01:00:00,0.4612298440064016,61.68754005982163,29.384383057722232,1427.1538378319658,0
2023-02-06 02:00:00,0.5285865390724905,75.16273102170828,28.32282840310554,1531.9524670782955,0
2023-02-06 03:00:00,0.5334456789987025,75.63352568413792,28.226638155433086,1665.3617268492285,0
2023-02-06 04:00:00,0.5658544272672831,64.54516784892401,31.06963467269182,1513.9887232839128,0
2023-02-06 05:00:00,0.7010204538766349,67.94592856022707,32.457961004978124,1599.611821491113,0
2023-02-06 06:00:00,0.4823052772505951,64.47147665757032,28.72538450594241,1360.9778074846538,0
2023-02-06 07:00:00,0.4201702755461546,68.92539484855632,30.91677340710297,1515.776143929377,0
2023-02-06 08:00:00,0.3620680771985473,68.4598285790713,25.825945962795863,1390.2631681028934,1
2023-02-06 09:00:00,0.42690699600580806,73.8983026613467,28.8307645386856,1352.3075072468098,0
2023-02-06 10:00:00,0.4966873027126203,76.55154373059804,29.937882134258196,1426.0628592540963,0
2023-02-06 11:00:00,0.6794557863517787,76.97841905394978,28.180633166036333,1619.1899334413572,0
2023-02-06 12:00:00,0.44823887009638286,67.18915986710849,28.126987250420807,1595.0015828669646,0
2023-02-06 13:00:00,0.5223787951638899,68.95389063127736,28.664440887062227,1524.30047220544,0
2023-02-06 14:00:00,0.4983577103927248,61.58280903889525,30.584385456652747,1346.7299440110069,0
2023-02-06 15:00:00,0.6188393273448084,65.97064966751906,29.62534196318725,1480.3719348612062,0
2023-02-06 16:00:00,0.7526932425873623,74.8242581654873,25.523537533350055,1530.1700008901735,0
2023-02-06 17:00:00,0.4469131227079679,78.07791411774116,25.758599694729867,1517.5536229578597,0
2023-02-06 18:00:00,0.45105605574817775,63.82825564060039,28.78626964428565,1315.6206416519253,0
2023-02-06 19:00:00,0.6044160877069072,67.03767870423553,30.915373172107103,1410.9682151980128,0
2023-02-06 20:00:00,0.5681891489626312,69.86797121520536,24.50499031454953,1493.5922235851283,0
2023-02-06 21:00:00,0.6846707325736033,71.40080579409803,29.00053964769674,1553.629090951719,0
2023-02-06 22:00:00,0.5583928185325964,65.95198240039177,28.947504286965156,1280.3872178900053,0
2023-02-06 23:00:00,0.46407079092129405,72.12030522232045,32.7766755564169,1483.7876024520142,0
2023-02-07 00:00:00,0.559065483069231,67.63080326464542,29.229956376574272,1514.3048769878953,0
2023-02-07 01:00:00,0.6108703580582908,69.9277386456086,30.765977969481856,1584.9611988516212,0
2023-02-07 02:00:00,0.5820482181197364,72.73142124001849,30.282514280174926,1569.2857584237436,0
2023-02-07 03:00:00,0.5507274031107298,70.03211134905469,25.7388670403856,1558.2571318808805,0
2023-02-07 04:00:00,0.6066674689589154,67.81807054736716,31.536414433263474,1420.0059493298065,0
2023-02-07 05:00:00,0.6169295590445673,69.45195098037084,30.430793010912577,1309.1997862876692,0
2023-02-07 06:00:00,0.6382158991037528,69.55818520397332,31.01653727934918,1460.69472429386,0
2023-02-07 07:00:00,0.5648709887589642,68.14994485058936,37.85247541287265,1600.163182520856,0
2023-02-07 08:00:00,0.4832881919683146,68.70601968666449,25.831774121002823,1639.3454527524432,0
2023-02-07 09:00:00,0.5146713686433323,77.99323585252358,33.449393299522214,1571.0549102297784,0
2023-02-07 10:00:00,0.6206508966508357,72.8045972397062,29.42510496119929,1542.9340822801735,0
2023-02-07 11:00:00,0.4183064329012764,68.5225984098542,30.57465780880602,1537.9639648385964,0
2023-02-07 12:00:00,0.5368673308872901,73.48477202255368,29.908975509397514,1444.388125323922,0
2023-02-07 13:00:00,0.46066611876726393,68.33090255121995,29.151527333203912,1486.993970644638,0
2023-02-07 14:00:00,0.5028744822934818,75.86562318793321,28.860334143522483,1666.906952582633,0
2023-02-07 15:00:00,0.6278451862607299,71.84821096099047,30.65901747114602,1405.7441994208123,1
2023-02-07 16:00:00,0.5191099068019903,69.46348927997886,26.96565260665664,1661.4778790709852,0
2023-02-07 17:00:00,0.5046436548156149,72.23858462905139,31.50115833504353,1467.797184550794,0
2023-02-07 18:00:00,0.3640143859020081,62.145619239657506,29.167611190229493,1632.543210909508,0
2023-02-07 19:00:00,0.5746253566027221,64.36616265545098,27.739861321919285,1359.3184990502461,0
2023-02-07 20:00:00,0.5645484181141075,64.03037496800472,29.099974284008372,1558.5904201164649,0
2023-02-07 21:00:00,0.716325472330546,70.71471547381853,32.514298433725145,1426.3229864052378,0
2023-02-07 22:00:00,0.46922217650469994,78.66257499742545,28.929329825967553,1358.4732808075812,1
2023-02-07 23:00:00,0.521915032766394,81.15650073096316,30.71690723641924,1521.8534042410945,0
2023-02-08 00:00:00,0.5249383683710755,73.19025550720379,28.538087448569055,1600.947178859597,0
2023-02-08 01:00:00,0.6577453279763474,72.50422237472229,31.515843699847238,1415.5058561406504,0
2023-02-08 02:00:00,0.4904704467613048,60.9947113292363,31.371015477580407,1350.09840395416,0
2023-02-08 03:00:00,0.5279021525770339,67.2866310013299,33.69721766659282,1490.8155235665045,0
2023-02-08 04:00:00,0.5607896509716539,66.0610812404588,29.64887210900157,1491.256467122282,0
2023-02-08 05:00:00,0.5186609123156358,66.89576200874441,31.337309609515813,1554.83196275545,0
2023-02-08 06:00:00,0.4553566385449472,69.15928090707605,30.19613507907789,1594.959457136449,0
2023-02-08 07:00:00,0.5194089992898308,67.63954711151436,32.59174356372603,1494.0584818727507,0
2023-02-08 08:00:00,0.6073631749859772,60.10350094812106,28.56233522478254,1685.5503314794264,0
2023-02-08 09:00:00,0.39734847005889395,73.73955128058768,31.49001062575456,1522.4234744535293,0
2023-02-08 10:00:00,0.5132969674146876,64.63628487130097,29.610605407766638,1465.3573493993101,0
2023-02-08 11:00:00,0.42998791850608264,71.19623432055575,29.871623645783004,1338.8432640897172,0
2023-02-08 12:00:00,0.6195046628924843,80.37041334874986,30.183504968896745,1473.7340479683833,0
2023-02-08 13:00:00,0.3476813095216225,65.40307704206788,30.504480792853354,1466.3613054588864,0
2023-02-08 14:00:00,0.44410781527284116,57.348562386268355,29.767541913756084,1596.030479628147,0
2023-02-08 15:00:00,0.537721187506452,68.56997889059944,30.42942636634105,1546.2483624066854,0
2023-02-08 16:00:00,0.6565524029234341,75.50479817499286,33.15623611512437,1382.0630878367383,0
2023-02-08 17:00:00,0.49342497389270124,79.79173727110297,31.970899371230438,1517.2254386411037,0
2023-02-08 18:00:00,0.44448004733068014,63.85225202773792,31.738309184993792,1567.1531171729052,0
2023-02-08 19:00:00,0.688115706944059,72.48349611618261,29.088920947952257,1652.8031359387833,0
2023-02-08 20:00:00,0.3551986099583756,67.67344771609973,28.22151834354335,1588.750396741406,0
2023-02-08 21:00:00,0.28011940433799176,69.47025822847932,31.910601116475505,1576.0846654311479,1
2023-02-08 22:00:00,0.5440014450053332,83.22171673508518,31.752093585059587,1506.0085994615163,0
2023-02-08 23:00:00,0.4497945775647389,62.48514835802423,32.945341351501966,1538.831200542345,0
2023-02-09 00:00:00,0.39787671828692867,71.26869830747287,28.79203874806154,1624.9504900706158,0
2023-02-09 01:00:00,0.5708356447299353,72.33846585882716,29.540902689279307,1366.722260252035,0
2023-02-09 02:00:00,0.5243800713771198,75.42893162469673,26.72103167494913,1465.0560672783045,0
2023-02-09 03:00:00,0.44359213692632715,70.48991576735447,29.215057787878255,1422.7431251243759,0
2023-02-09 04:00:00,0.37196956013291055,71.54025269752051,31.993141021158895,1537.9153118726124,1
2023-02-09 05:00:00,0.5872457328280145,68.04175716289105,29.067009241543605,1623.0222175650788,0
2023-02-09 06:00:00,0.5650201177958661,71.34563470622554,31.280959590401647,1440.3025713278926,0
2023-02-09 07:00:00,0.49008241362206173,68.28403862251295,29.618993788004378,1260.969563253056,0
2023-02-09 08:00:00,0.6846636996047666,73.10785944928026,30.64811405644312,1458.777925497553,0
2023-02-09 09:00:00,0.39299152336738474,68.15194831978182,27.704617220368664,1591.3473732017405,0
2023-02-09 10:00:00,0.34744748290752614,71.88550196951093,30.1704188992678,1553.762990294988,0
2023-02-09 11:00:00,0.43080919301187554,69.85368593157511,24.017728058198553,1542.8186247810577,0
2023-02-09 12:00:00,0.4954413983644502,75.63025125386085,29.62620768367603,1472.0006698125521,0
2023-02-09 13:00:00,0.5243339449322691,69.74303138205757,26.73905351256972,1372.0969263780214,0
2023-02-09 14:00:00,0.475876394214367,61.134837658965594,32.41198903309363,1551.5294321624467,0
2023-02-09 15:00:00,0.5352055396514297,76.30960750356996,31.554814705529022,1416.5718189965376,0
2023-02-09 16:00:00,0.37484605758095557,65.47133849568691,30.93334196393216,1718.4096733380456,0
2023-02-09 17:00:00,0.644376460407326,66.7311683067559,33.04201245431876,1557.0507208354516,0
2023-02-09 18:00:00,0.4917848821607431,67.02169352978254,28.102166958350324,1441.935169744605,0
2023-02-09 19:00:00,0.6117295831588128,76.87219046585409,33.494726395831115,1438.8614752611372,0
2023-02-09 20:00:00,0.5342725346377704,59.32162893010652,31.86438312852077,1490.7055793386412,0
2023-02-09 21:00:00,0.5456753219153784,85.68874266829997,29.526889425562107,1476.049807797825,0
2023-02-09 22:00:00,0.5569767280232204,75.28028404533026,32.27124029436589,1611.6833775529954,0
2023-02-09 23:00:00,0.5447708560017315,71.1161945706458,27.787412975176732,1518.6416169744045,0
2023-02-10 00:00:00,0.5642722759867544,69.72552999691857,28.350971676944653,1426.8368261091473,0
2023-02-10 01:00:00,0.6329152530132431,71.42777037428829,28.7828205535206,1689.0440685155781,0
2023-02-10 02:00:00,0.519652116970147,72.60561214189669,28.94204458387197,1504.9308331520222,0
2023-02-10 03:00:00,0.5709003757588512,73.22607792975029,27.886884714479493,1576.8839675968898,0
2023-02-10 04:00:00,0.4910264305712773,72.77802233001724,32.44616613419065,1439.1773492555242,0
2023-02-10 05:00:00,0.6440117215449472,70.44790340627624,29.482291199260338,1536.3115627744523,0
2023-02-10 06:00:00,0.432360769794073,69.01330789846337,30.705009936713758,1531.1109991143196,0
2023-02-10 07:00:00,0.6800940432910816,69.24363358173244,28.85929726717264,1311.0350707903847,0
2023-02-10 08:00:00,0.49598420493556566,69.0254585982366,26.358793398902964,1701.527511046064,0
2023-02-10 09:00:00,0.3569224897881952,75.66885048433532,30.540114716782846,1629.0644460922547,0
2023-02-10 10:00:00,0.5128104414910789,72.96778361140431,26.175490049160445,1460.2804683854013,0
2023-02-10 11:00:00,0.4318948342525119,55.2980568266786,29.862731907829062,1389.7730259544144,0
2023-02-10 12:00:00,0.5840643548988724,73.27950388264881,27.26336992233438,1534.7561613803553,0
2023-02-10 13:00:00,0.4347376020697609,70.97368097359387,33.974551998461614,1508.6697699414397,0
2023-02-10 14:00:00,0.45538165667852204,69.90645621777051,31.822725444349445,1535.566894856323,0
2023-02-10 15:00:00,0.31104592690544686,68.05740773455557,30.21150758254296,1519.1577396194089,0
2023-02-10 16:00:00,0.45476936807509233,75.62056359993007,32.527413355309335,1550.6240989305927,0
2023-02-10 17:00:00,0.2576120673371043,74.73763231061429,28.30736804506853,1644.7305699391807,0
2023-02-10 18:00:00,0.34160971765142767,66.13561166088195,31.086958757340184,1556.8103205128646,0
2023-02-10 19:00:00,0.5760414656144297,72.03526143562267,30.399620867437427,1395.0344501090058,1
2023-02-10 20:00:00,0.5785800158650832,65.14171632729357,30.52804016266734,1636.2562852712451,0
2023-02-10 21:00:00,0.5425457561784964,63.101909176055344,32.544707000213535,1664.0614563488286,0
2023-02-10 22:00:00,0.4033023856870787,66.86641387705018,31.464984205559606,1815.2056734512084,0
2023-02-10 23:00:00,0.495228864385802,74.31196736191379,30.577447325650045,1387.65059667604,0
2023-02-11 00:00:00,0.49963974609094314,74.76562522688043,26.690225127543407,1524.2882013150274,0
2023-02-11 01:00:00,0.38416353108074575,72.56542710048646,28.079907409441073,1291.7901296811012,0
2023-02-11 02:00:00,0.650339830176715,73.62547893423998,29.75458213280855,1555.3149156379209,0
2023-02-11 03:00:00,0.5877362290575672,72.5808914355748,30.186744748553302,1445.1799701833227,0
2023-02-11 04:00:00,0.4779035826170336,66.79259202388523,27.73959255065215,1692.3445794824954,0
2023-02-11 05:00:00,0.502688583899453,72.1596127233697,34.82335335115684,1422.538502998142,0
2023-02-11 06:00:00,0.5208382807947552,74.0020476261384,33.03278811050715,1331.0816962032739,0
2023-02-11 07:00:00,0.2958265131575709,73.77145664906787,31.204236640784966,1452.873625929748,0
2023-02-11 08:00:00,0.4752822617479403,75.94456685737322,30.14407372256749,1302.4512228782862,0
2023-02-11 09:00:00,0.4318015752002201,73.54151923600531,29.575582060197696,1575.109945450731,0
2023-02-11 10:00:00,0.3998379990105084,71.75724103770791,28.096163079955527,1293.491695374368,0
2023-02-11 11:00:00,0.4718899707114045,75.35075119158213,30.154961037037726,1502.8457581183159,0
2023-02-11 12:00:00,0.6797686526849522,69.8673937037547,30.5155050802855,1292.2188180143803,0
2023-02-11 13:00:00,0.564084286126701,65.5906267438614,27.51647884903675,1467.9702195463358,0
2023-02-11 14:00:00,0.4428821010217203,69.18466518028119,30.668352834489795,1664.3378155804535,0
2023-02-11 15:00:00,0.5572582781356159,66.27548677596775,29.6894819023505,1536.0647891435794,0
